Time,Source IP,Destination IP,Packet Length,Protocol,Status,Attack Type
2026-03-18 10:31:13.156135,10.52.235.172,10.52.235.201,79,2,Normal,BENIGN
2026-03-18 10:31:13.165388,10.52.235.172,10.52.235.201,79,2,Normal,BENIGN
2026-03-18 10:31:13.174637,10.52.235.172,10.52.235.201,79,2,Normal,BENIGN
2026-03-18 10:31:13.243912,10.52.235.201,10.52.235.172,153,2,Normal,BENIGN
2026-03-18 10:31:13.253943,10.52.235.201,10.52.235.172,131,2,Normal,BENIGN
2026-03-18 10:31:13.263441,10.52.235.201,10.52.235.172,119,2,Normal,BENIGN
2026-03-18 10:31:28.573305,10.52.235.172,10.52.235.201,92,2,Normal,BENIGN
2026-03-18 10:31:28.581491,10.52.235.172,10.52.235.201,92,2,Normal,BENIGN
2026-03-18 10:31:28.613870,10.52.235.201,10.52.235.172,215,2,Normal,BENIGN
2026-03-18 10:31:28.634696,10.52.235.201,10.52.235.172,231,2,Normal,BENIGN
2026-03-18 10:31:28.643866,10.52.235.172,13.89.179.13,66,1,Normal,BENIGN
2026-03-18 10:31:28.881086,13.89.179.13,10.52.235.172,66,1,Normal,BENIGN
2026-03-18 10:31:29.994381,13.89.179.13,10.52.235.172,66,1,Normal,BENIGN
2026-03-18 10:31:32.073064,13.89.179.13,10.52.235.172,66,1,Normal,BENIGN
2026-03-18 10:31:35.059583,10.52.235.172,10.52.235.201,74,2,Normal,BENIGN
2026-03-18 10:31:35.074625,10.52.235.172,10.52.235.201,74,2,Normal,BENIGN
2026-03-18 10:31:35.086631,10.52.235.172,10.52.235.201,74,2,Normal,BENIGN
2026-03-18 10:31:35.098343,10.52.235.201,10.52.235.172,102,2,Normal,BENIGN
2026-03-18 10:31:35.122910,10.52.235.201,10.52.235.172,99,2,Normal,BENIGN
2026-03-18 10:31:35.143263,10.52.235.201,10.52.235.172,90,2,Normal,BENIGN
2026-03-18 10:31:58.290674,10.52.235.172,10.52.235.201,70,2,Normal,BENIGN
2026-03-18 10:31:58.306502,10.52.235.172,10.52.235.201,70,2,Normal,BENIGN
2026-03-18 10:31:58.338589,10.52.235.201,10.52.235.172,86,2,Normal,BENIGN
2026-03-18 10:31:58.359632,10.52.235.201,10.52.235.172,98,2,Normal,BENIGN
2026-03-18 10:32:15.296570,10.52.235.172,10.52.235.201,74,2,Normal,BENIGN
2026-03-18 10:32:15.311948,10.52.235.172,10.52.235.201,74,2,Normal,BENIGN
2026-03-18 10:32:15.328216,10.52.235.172,10.52.235.201,74,2,Normal,BENIGN
2026-03-18 10:32:15.347205,10.52.235.201,10.52.235.172,135,2,Normal,BENIGN
2026-03-18 10:32:15.361226,10.52.235.201,10.52.235.172,102,2,Normal,BENIGN
2026-03-18 10:32:15.382215,10.52.235.201,10.52.235.172,106,2,Normal,BENIGN
2026-03-18 10:32:24.390629,10.52.235.172,10.52.235.201,87,2,Normal,BENIGN
2026-03-18 10:32:24.406309,10.52.235.172,10.52.235.201,87,2,Normal,BENIGN
2026-03-18 10:32:24.419808,10.52.235.172,10.52.235.201,87,2,Normal,BENIGN
2026-03-18 10:32:24.433432,10.52.235.201,10.52.235.172,144,2,Normal,BENIGN
2026-03-18 10:32:24.445552,10.52.235.201,10.52.235.172,115,2,Normal,BENIGN
2026-03-18 10:32:24.458414,10.52.235.201,10.52.235.172,103,2,Normal,BENIGN
2026-03-18 10:33:00.753258,10.52.235.172,10.52.235.201,79,2,Normal,BENIGN
2026-03-18 10:33:00.762675,10.52.235.172,10.52.235.201,79,2,Normal,BENIGN
2026-03-18 10:33:00.772916,10.52.235.172,10.52.235.201,74,2,Normal,BENIGN
2026-03-18 10:33:00.781953,10.52.235.172,10.52.235.201,79,2,Normal,BENIGN
2026-03-18 10:33:00.790601,10.52.235.172,10.52.235.201,74,2,Normal,BENIGN
2026-03-18 10:33:00.800443,10.52.235.172,10.52.235.201,74,2,Normal,BENIGN
2026-03-18 10:33:00.809123,10.52.235.201,10.52.235.172,90,2,Normal,BENIGN
2026-03-18 10:33:00.818781,10.52.235.201,10.52.235.172,262,2,Normal,BENIGN
2026-03-18 10:33:00.827504,10.52.235.201,10.52.235.172,176,2,Normal,BENIGN
2026-03-18 10:33:00.837448,10.52.235.201,10.52.235.172,164,2,Normal,BENIGN
2026-03-18 10:33:00.846083,10.52.235.201,10.52.235.172,99,2,Normal,BENIGN
2026-03-18 10:33:00.855061,10.52.235.201,10.52.235.172,102,2,Normal,BENIGN
2026-03-18 10:33:05.958418,10.52.235.172,10.52.235.201,92,2,Normal,BENIGN
2026-03-18 10:33:05.972720,10.52.235.172,10.52.235.201,92,2,Normal,BENIGN
2026-03-18 10:33:05.982478,10.52.235.172,10.52.235.201,92,2,Normal,BENIGN
2026-03-18 10:33:06.008816,10.52.235.201,10.52.235.172,257,2,Normal,BENIGN
2026-03-18 10:33:06.018490,10.52.235.201,10.52.235.172,225,2,Normal,BENIGN
2026-03-18 10:33:06.028689,10.52.235.201,10.52.235.172,215,2,Normal,BENIGN
2026-03-18 10:33:07.303321,10.52.235.172,10.52.235.201,92,2,Normal,BENIGN
2026-03-18 10:33:07.313384,10.52.235.172,10.52.235.201,92,2,Normal,BENIGN
2026-03-18 10:33:07.340562,10.52.235.201,10.52.235.172,215,2,Normal,BENIGN
2026-03-18 10:33:07.362103,10.52.235.172,20.44.10.122,66,1,Normal,BENIGN
2026-03-18 10:33:07.458450,10.52.235.201,10.52.235.172,236,2,Normal,BENIGN
2026-03-18 10:33:07.659514,20.44.10.122,10.52.235.172,66,1,Normal,BENIGN
2026-03-18 10:33:08.678098,20.44.10.122,10.52.235.172,66,1,Normal,BENIGN
2026-03-18 10:33:10.792907,20.44.10.122,10.52.235.172,66,1,Normal,BENIGN
2026-03-18 10:33:11.123205,10.52.235.172,10.52.235.201,81,2,Normal,BENIGN
2026-03-18 10:33:11.132334,10.52.235.172,10.52.235.201,81,2,Normal,BENIGN
2026-03-18 10:33:11.183852,10.52.235.201,10.52.235.172,290,2,Normal,BENIGN
2026-03-18 10:33:11.201819,10.52.235.201,10.52.235.172,386,2,Normal,BENIGN
2026-03-18 10:33:15.247199,10.52.235.172,10.52.235.201,81,2,Normal,BENIGN
2026-03-18 10:33:15.262995,10.52.235.172,10.52.235.201,81,2,Normal,BENIGN
2026-03-18 10:33:15.285134,10.52.235.172,10.52.235.201,81,2,Normal,BENIGN
2026-03-18 10:33:15.313213,10.52.235.201,10.52.235.172,97,2,Normal,BENIGN
2026-03-18 10:33:15.345633,10.52.235.201,10.52.235.172,159,2,Normal,BENIGN
2026-03-18 10:33:15.366831,10.52.235.201,10.52.235.172,109,2,Normal,BENIGN
2026-03-18 10:33:16.237064,10.52.235.172,10.52.235.201,74,2,Normal,BENIGN
2026-03-18 10:33:16.253974,10.52.235.172,10.52.235.201,74,2,Normal,BENIGN
2026-03-18 10:33:16.269180,10.52.235.172,10.52.235.201,74,2,Normal,BENIGN
2026-03-18 10:33:16.293772,10.52.235.201,10.52.235.172,119,2,Normal,BENIGN
2026-03-18 10:33:16.312553,10.52.235.201,10.52.235.172,102,2,Normal,BENIGN
2026-03-18 10:33:16.329042,10.52.235.201,10.52.235.172,106,2,Normal,BENIGN
2026-03-18 10:33:16.874137,10.52.235.172,10.52.235.201,70,2,Normal,BENIGN
2026-03-18 10:33:16.896555,10.52.235.172,10.52.235.201,70,2,Normal,BENIGN
2026-03-18 10:33:16.917242,10.52.235.201,10.52.235.172,86,2,Normal,BENIGN
2026-03-18 10:33:16.935641,10.52.235.201,10.52.235.172,98,2,Normal,BENIGN
2026-03-18 10:33:17.650978,10.52.235.172,10.52.235.201,90,2,Normal,BENIGN
2026-03-18 10:33:17.675167,10.52.235.172,10.52.235.201,90,2,Normal,BENIGN
2026-03-18 10:33:17.696069,10.52.235.201,10.52.235.172,208,2,Normal,BENIGN
2026-03-18 10:33:17.718816,10.52.235.201,10.52.235.172,220,2,Normal,BENIGN
2026-03-18 10:33:18.064146,10.52.235.172,10.52.235.201,74,2,Normal,BENIGN
2026-03-18 10:33:18.086246,10.52.235.172,10.52.235.201,74,2,Normal,BENIGN
2026-03-18 10:33:18.108957,10.52.235.172,10.52.235.201,74,2,Normal,BENIGN
2026-03-18 10:33:18.127719,10.52.235.201,10.52.235.172,106,2,Normal,BENIGN
2026-03-18 10:33:18.147357,10.52.235.201,10.52.235.172,135,2,Normal,BENIGN
2026-03-18 10:33:18.159880,10.52.235.201,10.52.235.172,102,2,Normal,BENIGN
2026-03-18 10:33:19.048477,10.52.235.172,10.52.235.201,89,2,Normal,BENIGN
2026-03-18 10:33:19.063055,10.52.235.172,10.52.235.201,89,2,Normal,BENIGN
2026-03-18 10:33:19.078086,10.52.235.172,10.52.235.201,89,2,Normal,BENIGN
2026-03-18 10:33:19.098404,10.52.235.172,10.52.235.201,89,2,Normal,BENIGN
2026-03-18 10:33:19.115558,10.52.235.172,10.52.235.201,89,2,Normal,BENIGN
2026-03-18 10:33:19.137215,10.52.235.172,10.52.235.201,89,2,Suspicious,BENIGN
2026-03-18 10:33:19.158746,10.52.235.172,10.52.235.201,89,2,Suspicious,BENIGN
2026-03-18 10:33:19.183163,10.52.235.172,10.52.235.201,89,2,Suspicious,BENIGN
2026-03-18 10:33:19.196250,10.52.235.172,10.52.235.201,89,2,Suspicious,BENIGN
2026-03-18 10:33:19.208186,10.52.235.172,10.52.235.201,89,2,Suspicious,BENIGN
2026-03-18 10:33:19.228205,10.52.235.172,10.52.235.201,89,2,Suspicious,BENIGN
2026-03-18 10:33:19.248376,10.52.235.172,10.52.235.201,89,2,Suspicious,BENIGN
2026-03-18 10:33:19.269276,10.52.235.201,10.52.235.172,198,2,Normal,BENIGN
2026-03-18 10:33:19.290900,10.52.235.201,10.52.235.172,168,2,Normal,BENIGN
2026-03-18 10:33:19.309422,10.52.235.201,10.52.235.172,156,2,Normal,BENIGN
2026-03-18 10:33:19.335704,10.52.235.201,10.52.235.172,198,2,Normal,BENIGN
2026-03-18 10:33:19.354276,10.52.235.201,10.52.235.172,156,2,Normal,BENIGN
2026-03-18 10:33:19.376021,10.52.235.201,10.52.235.172,168,2,Suspicious,BENIGN
2026-03-18 10:33:19.412323,10.52.235.201,10.52.235.172,156,2,Suspicious,BENIGN
2026-03-18 10:33:19.435367,10.52.235.201,10.52.235.172,198,2,Suspicious,BENIGN
2026-03-18 10:33:19.451445,10.52.235.201,10.52.235.172,156,2,Suspicious,BENIGN
2026-03-18 10:33:19.616720,10.52.235.201,10.52.235.172,198,2,Suspicious,BENIGN
2026-03-18 10:33:19.918834,10.52.235.201,10.52.235.172,168,2,Suspicious,BENIGN
2026-03-18 10:33:19.944499,10.52.235.201,10.52.235.172,168,2,Suspicious,BENIGN
2026-03-18 10:34:03.151777,10.52.235.172,10.52.235.201,70,2,Suspicious,BENIGN
2026-03-18 10:34:03.182815,10.52.235.201,10.52.235.172,98,2,Normal,BENIGN
2026-03-18 10:34:13.681679,10.52.235.172,10.52.235.201,70,2,Normal,BENIGN
2026-03-18 10:34:13.710244,10.52.235.201,10.52.235.172,86,2,Normal,BENIGN
2026-03-18 10:34:15.812837,10.52.235.172,10.52.235.201,92,2,Normal,BENIGN
2026-03-18 10:34:15.822588,10.52.235.172,10.52.235.201,92,2,Normal,BENIGN
2026-03-18 10:34:15.831509,10.52.235.172,10.52.235.201,92,2,Normal,BENIGN
2026-03-18 10:34:15.858656,10.52.235.201,10.52.235.172,270,2,Normal,BENIGN
2026-03-18 10:34:15.868696,10.52.235.201,10.52.235.172,224,2,Normal,BENIGN
2026-03-18 10:34:15.877425,10.52.235.201,10.52.235.172,212,2,Normal,BENIGN
2026-03-18 10:34:36.947385,10.52.235.172,4.213.25.240,55,1,Normal,BENIGN
2026-03-18 10:34:36.986985,4.213.25.240,10.52.235.172,66,1,Normal,BENIGN
2026-03-18 10:34:39.824547,10.52.235.172,10.52.235.201,91,2,Normal,BENIGN
2026-03-18 10:34:39.841703,10.52.235.172,10.52.235.201,91,2,Normal,BENIGN
2026-03-18 10:34:39.856983,10.52.235.172,10.52.235.201,91,2,Normal,BENIGN
2026-03-18 10:34:39.909568,10.52.235.201,10.52.235.172,265,2,Normal,BENIGN
2026-03-18 10:34:39.943470,10.52.235.201,10.52.235.172,222,2,Normal,BENIGN
2026-03-18 10:34:39.970305,10.52.235.201,10.52.235.172,210,2,Normal,BENIGN
2026-03-18 10:34:58.284956,10.52.235.172,10.52.235.201,70,2,Normal,BENIGN
2026-03-18 10:34:58.330385,10.52.235.201,10.52.235.172,98,2,Normal,BENIGN
2026-03-18 10:35:08.250572,10.52.235.172,10.52.235.201,70,2,Normal,BENIGN
2026-03-18 10:35:08.295743,10.52.235.201,10.52.235.172,86,2,Normal,BENIGN
2026-03-18 10:35:18.244142,10.52.235.172,10.52.235.201,70,2,Normal,BENIGN
2026-03-18 10:35:18.259585,10.52.235.201,10.52.235.172,98,2,Normal,BENIGN
2026-03-18 10:35:20.381886,10.52.235.172,10.52.235.201,92,2,Normal,BENIGN
2026-03-18 10:35:20.400897,10.52.235.172,10.52.235.201,92,2,Normal,BENIGN
2026-03-18 10:35:20.414807,10.52.235.172,10.52.235.201,92,2,Normal,BENIGN
2026-03-18 10:35:20.433003,10.52.235.201,10.52.235.172,269,2,Normal,BENIGN
2026-03-18 10:35:20.447840,10.52.235.201,10.52.235.172,212,2,Normal,BENIGN
2026-03-18 10:35:20.461880,10.52.235.201,10.52.235.172,224,2,Normal,BENIGN
2026-03-18 10:35:58.280455,10.52.235.172,10.52.235.201,70,2,Normal,BENIGN
2026-03-18 10:35:58.300306,10.52.235.172,10.52.235.201,70,2,Normal,BENIGN
2026-03-18 10:35:58.330521,10.52.235.201,10.52.235.172,86,2,Normal,BENIGN
2026-03-18 10:35:58.353323,10.52.235.201,10.52.235.172,98,2,Normal,BENIGN
2026-03-18 10:36:11.890468,10.52.235.172,10.52.235.201,70,2,Normal,BENIGN
2026-03-18 10:36:11.927014,10.52.235.201,10.52.235.172,98,2,Normal,BENIGN
2026-03-18 10:36:16.156177,10.52.235.172,10.52.235.201,70,2,Normal,BENIGN
2026-03-18 10:36:16.166372,10.52.235.201,10.52.235.172,86,2,Normal,BENIGN
2026-03-18 10:36:37.565117,10.52.235.172,10.52.235.201,92,2,Normal,BENIGN
2026-03-18 10:36:37.575146,10.52.235.172,10.52.235.201,92,2,Normal,BENIGN
2026-03-18 10:36:37.585322,10.52.235.172,10.52.235.201,92,2,Normal,BENIGN
2026-03-18 10:36:37.594840,10.52.235.172,10.52.235.201,92,2,Normal,BENIGN
2026-03-18 10:36:37.604291,10.52.235.172,10.52.235.201,92,2,Normal,BENIGN
2026-03-18 10:36:37.633770,10.52.235.201,10.52.235.172,266,2,Normal,BENIGN
2026-03-18 10:36:37.643095,10.52.235.201,10.52.235.172,213,2,Normal,BENIGN
2026-03-18 10:36:37.653881,10.52.235.201,10.52.235.172,213,2,Normal,BENIGN
2026-03-18 10:36:37.664134,10.52.235.201,10.52.235.172,227,2,Normal,BENIGN
2026-03-18 10:36:37.673340,10.52.235.172,51.132.193.105,66,1,Normal,BENIGN
2026-03-18 10:36:37.683735,10.52.235.201,10.52.235.172,225,2,Normal,BENIGN
2026-03-18 10:36:37.790717,51.132.193.105,10.52.235.172,66,1,Normal,BENIGN
2026-03-18 10:36:37.801176,10.52.235.172,51.132.193.105,54,1,Normal,BENIGN
2026-03-18 10:36:37.812133,10.52.235.172,51.132.193.105,571,1,Normal,BENIGN
2026-03-18 10:36:37.960843,51.132.193.105,10.52.235.172,153,1,Normal,BENIGN
2026-03-18 10:36:37.972648,10.52.235.172,51.132.193.105,491,1,Normal,BENIGN
2026-03-18 10:36:38.124176,51.132.193.105,10.52.235.172,3894,1,Suspicious,BENIGN
2026-03-18 10:36:38.135687,10.52.235.172,51.132.193.105,54,1,Normal,BENIGN
2026-03-18 10:36:38.144485,51.132.193.105,10.52.235.172,706,1,Normal,BENIGN
2026-03-18 10:36:38.153994,10.52.235.172,51.132.193.105,54,1,Normal,BENIGN
2026-03-18 10:36:38.163064,10.52.235.172,51.132.193.105,13054,1,Suspicious,BENIGN
2026-03-18 10:36:38.316714,51.132.193.105,10.52.235.172,54,1,Normal,BENIGN
2026-03-18 10:36:38.325200,51.132.193.105,10.52.235.172,54,1,Normal,BENIGN
2026-03-18 10:36:38.334311,51.132.193.105,10.52.235.172,54,1,Normal,BENIGN
2026-03-18 10:36:38.342625,51.132.193.105,10.52.235.172,157,1,Normal,BENIGN
2026-03-18 10:36:38.351852,51.132.193.105,10.52.235.172,54,1,Normal,BENIGN
2026-03-18 10:36:38.360280,10.52.235.172,51.132.193.105,7147,1,Suspicious,BENIGN
2026-03-18 10:36:38.476490,51.132.193.105,10.52.235.172,54,1,Normal,BENIGN
2026-03-18 10:36:38.486163,51.132.193.105,10.52.235.172,54,1,Normal,BENIGN
2026-03-18 10:36:38.795532,51.132.193.105,10.52.235.172,522,1,Normal,BENIGN
2026-03-18 10:36:38.806044,10.52.235.172,51.132.193.105,54,1,Normal,BENIGN
2026-03-18 10:36:38.816164,10.52.235.172,51.132.193.105,78,1,Normal,BENIGN
2026-03-18 10:36:38.827202,10.52.235.172,51.132.193.105,54,1,Normal,BENIGN
2026-03-18 10:36:38.947385,51.132.193.105,10.52.235.172,54,1,Normal,BENIGN
2026-03-18 10:36:57.237323,10.52.235.172,10.52.235.201,70,2,Normal,BENIGN
2026-03-18 10:36:57.282661,10.52.235.201,10.52.235.172,86,2,Normal,BENIGN
2026-03-18 10:37:07.269797,10.52.235.172,10.52.235.201,70,2,Normal,BENIGN
2026-03-18 10:37:07.309100,10.52.235.201,10.52.235.172,98,2,Normal,BENIGN
2026-03-18 10:37:26.278377,10.52.235.172,10.52.235.201,92,2,Normal,BENIGN
2026-03-18 10:37:26.288105,10.52.235.172,10.52.235.201,92,2,Normal,BENIGN
2026-03-18 10:37:26.325925,10.52.235.201,10.52.235.172,212,2,Normal,BENIGN
2026-03-18 10:37:26.336632,10.52.235.201,10.52.235.172,224,2,Normal,BENIGN
2026-03-18 10:37:26.346765,10.52.235.172,20.189.173.13,66,1,Normal,BENIGN
2026-03-18 10:37:26.621412,20.189.173.13,10.52.235.172,66,1,Normal,BENIGN
2026-03-18 10:37:27.603926,20.189.173.13,10.52.235.172,66,1,Normal,BENIGN
2026-03-18 10:37:29.680331,20.189.173.13,10.52.235.172,66,1,Normal,BENIGN
2026-03-18 10:37:31.747281,10.52.235.172,192.163.208.117,66,1,Normal,BENIGN
2026-03-18 10:37:32.023089,10.52.235.172,192.163.208.117,66,1,Normal,BENIGN
2026-03-18 10:37:32.052234,192.163.208.117,10.52.235.172,66,1,Normal,BENIGN
2026-03-18 10:37:32.289629,192.163.208.117,10.52.235.172,66,1,Normal,BENIGN
2026-03-18 10:37:33.278674,192.163.208.117,10.52.235.172,66,1,Normal,BENIGN
2026-03-18 10:37:33.478840,192.163.208.117,10.52.235.172,66,1,Normal,BENIGN
2026-03-18 10:37:35.286040,192.163.208.117,10.52.235.172,66,1,Normal,BENIGN
2026-03-18 10:37:35.482234,192.163.208.117,10.52.235.172,66,1,Normal,BENIGN
2026-03-18 10:37:36.830650,10.52.235.172,10.52.235.201,70,2,Normal,BENIGN
2026-03-18 10:37:36.851444,10.52.235.201,10.52.235.172,86,2,Normal,BENIGN
2026-03-18 10:37:50.157462,10.52.235.172,10.52.235.201,70,2,Normal,BENIGN
2026-03-18 10:37:50.177102,10.52.235.172,10.52.235.201,70,2,Normal,BENIGN
2026-03-18 10:37:50.191993,10.52.235.201,10.52.235.172,86,2,Normal,BENIGN
2026-03-18 10:37:50.205632,10.52.235.201,10.52.235.172,98,2,Normal,BENIGN
2026-03-18 10:37:52.298709,10.52.235.172,10.52.235.201,92,2,Normal,BENIGN
2026-03-18 10:37:52.311546,10.52.235.172,10.52.235.201,92,2,Normal,BENIGN
2026-03-18 10:37:52.331171,10.52.235.172,10.52.235.201,92,2,Normal,BENIGN
2026-03-18 10:37:52.366209,10.52.235.201,10.52.235.172,257,2,Normal,BENIGN
2026-03-18 10:37:52.388507,10.52.235.201,10.52.235.172,229,2,Normal,BENIGN
2026-03-18 10:37:52.419816,10.52.235.201,10.52.235.172,215,2,Normal,BENIGN
2026-03-18 10:38:01.068361,10.52.235.172,10.52.235.201,79,2,Normal,BENIGN
2026-03-18 10:38:01.087188,10.52.235.172,10.52.235.201,79,2,Normal,BENIGN
2026-03-18 10:38:01.111615,10.52.235.172,10.52.235.201,79,2,Normal,BENIGN
2026-03-18 10:38:01.138387,10.52.235.201,10.52.235.172,176,2,Normal,BENIGN
2026-03-18 10:38:01.164719,10.52.235.201,10.52.235.172,164,2,Normal,BENIGN
2026-03-18 10:38:01.198773,10.52.235.201,10.52.235.172,262,2,Normal,BENIGN
2026-03-18 10:38:01.780407,10.52.235.172,10.52.235.201,70,2,Normal,BENIGN
2026-03-18 10:38:01.803507,10.52.235.201,10.52.235.172,98,2,Normal,BENIGN
2026-03-18 10:38:31.131255,10.52.235.172,10.52.235.201,70,2,Normal,BENIGN
2026-03-18 10:38:31.158747,10.52.235.201,10.52.235.172,98,2,Normal,BENIGN
2026-03-18 10:38:41.999119,10.52.235.172,4.213.25.240,55,1,Normal,BENIGN
2026-03-18 10:38:42.030909,4.213.25.240,10.52.235.172,66,1,Normal,BENIGN
2026-03-18 10:38:44.894609,10.52.235.172,10.52.235.201,70,2,Normal,BENIGN
2026-03-18 10:38:44.931136,10.52.235.201,10.52.235.172,86,2,Normal,BENIGN
2026-03-18 10:38:55.769491,10.52.235.172,10.52.235.201,70,2,Normal,BENIGN
2026-03-18 10:38:55.789851,10.52.235.172,10.52.235.201,70,2,Normal,BENIGN
2026-03-18 10:38:55.819118,10.52.235.201,10.52.235.172,86,2,Normal,BENIGN
2026-03-18 10:38:55.833468,10.52.235.201,10.52.235.172,98,2,Normal,BENIGN
2026-03-18 10:38:57.915546,10.52.235.172,10.52.235.201,92,2,Normal,BENIGN
2026-03-18 10:38:57.945681,10.52.235.172,10.52.235.201,92,2,Normal,BENIGN
2026-03-18 10:38:57.967213,10.52.235.172,10.52.235.201,92,2,Normal,BENIGN
2026-03-18 10:38:57.997690,10.52.235.201,10.52.235.172,260,2,Normal,BENIGN
2026-03-18 10:38:58.016160,10.52.235.201,10.52.235.172,224,2,Normal,BENIGN
2026-03-18 10:38:58.034164,10.52.235.201,10.52.235.172,216,2,Normal,BENIGN
2026-03-18 10:39:24.780776,10.52.235.172,10.52.235.201,70,2,Normal,BENIGN
2026-03-18 10:39:24.818977,10.52.235.201,10.52.235.172,86,2,Normal,BENIGN
2026-03-18 10:39:58.352475,10.52.235.172,10.52.235.201,70,2,Normal,BENIGN
2026-03-18 10:39:58.382322,10.52.235.172,10.52.235.201,70,2,Normal,BENIGN
2026-03-18 10:39:58.409169,10.52.235.201,10.52.235.172,98,2,Normal,BENIGN
2026-03-18 10:39:58.434146,10.52.235.201,10.52.235.172,86,2,Normal,BENIGN
2026-03-18 10:40:00.532565,10.52.235.172,10.52.235.201,92,2,Normal,BENIGN
2026-03-18 10:40:00.553170,10.52.235.172,10.52.235.201,92,2,Normal,BENIGN
2026-03-18 10:40:00.573242,10.52.235.172,10.52.235.201,92,2,Normal,BENIGN
2026-03-18 10:40:00.593295,10.52.235.201,10.52.235.172,267,2,Normal,BENIGN
2026-03-18 10:40:00.611630,10.52.235.201,10.52.235.172,224,2,Normal,BENIGN
2026-03-18 10:40:00.641885,10.52.235.201,10.52.235.172,215,2,Normal,BENIGN
2026-03-18 10:40:09.945726,10.52.235.201,224.0.0.251,103,2,Normal,BENIGN
2026-03-18 10:40:09.971005,10.52.235.201,224.0.0.251,103,2,Normal,BENIGN
2026-03-18 10:40:09.997513,10.52.235.201,224.0.0.251,119,2,Normal,BENIGN
2026-03-18 10:40:10.926356,10.52.235.201,224.0.0.251,119,2,Normal,BENIGN
2026-03-18 10:40:11.926781,10.52.235.201,224.0.0.251,119,2,Normal,BENIGN
2026-03-18 10:40:35.169827,10.52.235.172,10.52.235.201,92,2,Normal,BENIGN
2026-03-18 10:40:35.182853,10.52.235.172,10.52.235.201,92,2,Normal,BENIGN
2026-03-18 10:40:35.198289,10.52.235.201,10.52.235.172,216,2,Normal,BENIGN
2026-03-18 10:40:35.209485,10.52.235.201,10.52.235.172,224,2,Normal,BENIGN
2026-03-18 10:40:35.220672,10.52.235.172,20.50.201.204,66,1,Normal,BENIGN
2026-03-18 10:40:35.449880,20.50.201.204,10.52.235.172,66,1,Normal,BENIGN
2026-03-18 10:40:35.464911,10.52.235.172,20.50.201.204,54,1,Normal,BENIGN
2026-03-18 10:40:35.483305,10.52.235.172,20.50.201.204,571,1,Normal,BENIGN
2026-03-18 10:40:35.597133,20.50.201.204,10.52.235.172,153,1,Normal,BENIGN
2026-03-18 10:40:35.629532,10.52.235.172,20.50.201.204,491,1,Normal,BENIGN
2026-03-18 10:40:35.852416,20.50.201.204,10.52.235.172,3894,1,Suspicious,BENIGN
2026-03-18 10:40:35.902649,10.52.235.172,20.50.201.204,54,1,Normal,BENIGN
2026-03-18 10:40:35.946911,20.50.201.204,10.52.235.172,707,1,Normal,BENIGN
2026-03-18 10:40:35.990483,10.52.235.172,20.50.201.204,54,1,Normal,BENIGN
2026-03-18 10:40:36.046082,10.52.235.172,20.50.201.204,5475,1,Suspicious,BENIGN
2026-03-18 10:40:36.083997,20.50.201.204,10.52.235.172,54,1,Normal,BENIGN
2026-03-18 10:40:36.097666,20.50.201.204,10.52.235.172,157,1,Normal,BENIGN
2026-03-18 10:40:36.113605,20.50.201.204,10.52.235.172,54,1,Normal,BENIGN
2026-03-18 10:40:36.129375,20.50.201.204,10.52.235.172,520,1,Normal,BENIGN
2026-03-18 10:40:36.151999,10.52.235.172,20.50.201.204,54,1,Normal,BENIGN
2026-03-18 10:40:36.172888,10.52.235.172,20.50.201.204,78,1,Normal,BENIGN
2026-03-18 10:40:36.190107,10.52.235.172,20.50.201.204,54,1,Normal,BENIGN
2026-03-18 10:40:36.257676,20.50.201.204,10.52.235.172,54,1,Normal,BENIGN
2026-03-18 10:40:39.798550,10.52.235.172,10.52.235.201,91,2,Normal,BENIGN
2026-03-18 10:40:39.810612,10.52.235.172,10.52.235.201,91,2,Normal,BENIGN
2026-03-18 10:40:39.822172,10.52.235.172,10.52.235.201,91,2,Normal,BENIGN
2026-03-18 10:40:39.836417,10.52.235.201,10.52.235.172,265,2,Normal,BENIGN
2026-03-18 10:40:39.849114,10.52.235.201,10.52.235.172,226,2,Normal,BENIGN
2026-03-18 10:40:39.860827,10.52.235.201,10.52.235.172,213,2,Normal,BENIGN
2026-03-18 10:40:56.161547,10.52.235.172,10.52.235.201,92,2,Normal,BENIGN
2026-03-18 10:40:56.183752,10.52.235.172,10.52.235.201,92,2,Normal,BENIGN
2026-03-18 10:40:56.203985,10.52.235.201,10.52.235.172,212,2,Normal,BENIGN
2026-03-18 10:40:56.222105,10.52.235.201,10.52.235.172,227,2,Normal,BENIGN
2026-03-18 10:40:56.247459,10.52.235.172,20.189.173.25,66,1,Normal,BENIGN
2026-03-18 10:40:56.498308,20.189.173.25,10.52.235.172,66,1,Normal,BENIGN
2026-03-18 10:40:57.526571,20.189.173.25,10.52.235.172,66,1,Normal,BENIGN
2026-03-18 10:40:58.300376,10.52.235.172,10.52.235.201,70,2,Normal,BENIGN
2026-03-18 10:40:58.321541,10.52.235.172,10.52.235.201,70,2,Normal,BENIGN
2026-03-18 10:40:58.354785,10.52.235.201,10.52.235.172,86,2,Normal,BENIGN
2026-03-18 10:40:58.372060,10.52.235.201,10.52.235.172,98,2,Normal,BENIGN
2026-03-18 10:40:59.496043,20.189.173.25,10.52.235.172,66,1,Normal,BENIGN
2026-03-18 10:41:11.356446,10.52.235.172,10.52.235.201,92,2,Normal,BENIGN
2026-03-18 10:41:11.365800,10.52.235.172,10.52.235.201,92,2,Normal,BENIGN
2026-03-18 10:41:11.374578,10.52.235.172,10.52.235.201,92,2,Normal,BENIGN
2026-03-18 10:41:11.423693,10.52.235.201,10.52.235.172,224,2,Normal,BENIGN
2026-03-18 10:41:11.436089,10.52.235.201,10.52.235.172,212,2,Normal,BENIGN
2026-03-18 10:41:11.447614,10.52.235.201,10.52.235.172,269,2,Normal,BENIGN
2026-03-18 10:41:38.930593,10.52.235.172,10.52.235.201,92,2,Normal,BENIGN
2026-03-18 10:41:38.939768,10.52.235.172,10.52.235.201,92,2,Normal,BENIGN
2026-03-18 10:41:38.954949,10.52.235.201,10.52.235.172,217,2,Normal,BENIGN
2026-03-18 10:41:38.966168,10.52.235.201,10.52.235.172,229,2,Normal,BENIGN
2026-03-18 10:41:38.975482,10.52.235.172,20.50.80.209,66,1,Normal,BENIGN
2026-03-18 10:41:39.123707,20.50.80.209,10.52.235.172,66,1,Normal,BENIGN
2026-03-18 10:41:39.133917,10.52.235.172,20.50.80.209,54,1,Normal,BENIGN
2026-03-18 10:41:39.145697,10.52.235.172,20.50.80.209,571,1,Normal,BENIGN
2026-03-18 10:41:39.306090,20.50.80.209,10.52.235.172,153,1,Normal,BENIGN
2026-03-18 10:41:39.316199,10.52.235.172,20.50.80.209,491,1,Normal,BENIGN
2026-03-18 10:41:39.488993,20.50.80.209,10.52.235.172,3894,1,Suspicious,BENIGN
2026-03-18 10:41:39.498900,10.52.235.172,20.50.80.209,54,1,Normal,BENIGN
2026-03-18 10:41:39.507906,20.50.80.209,10.52.235.172,704,1,Normal,BENIGN
2026-03-18 10:41:39.517118,10.52.235.172,20.50.80.209,54,1,Normal,BENIGN
2026-03-18 10:41:39.527487,10.52.235.172,20.50.80.209,11975,1,Suspicious,BENIGN
2026-03-18 10:41:39.765392,20.50.80.209,10.52.235.172,54,1,Normal,BENIGN
2026-03-18 10:41:39.775094,20.50.80.209,10.52.235.172,54,1,Normal,BENIGN
2026-03-18 10:41:39.784556,20.50.80.209,10.52.235.172,54,1,Normal,BENIGN
2026-03-18 10:41:39.795965,20.50.80.209,10.52.235.172,157,1,Normal,BENIGN
2026-03-18 10:41:39.804359,20.50.80.209,10.52.235.172,520,1,Normal,BENIGN
2026-03-18 10:41:39.813558,10.52.235.172,20.50.80.209,54,1,Normal,BENIGN
2026-03-18 10:41:39.821460,10.52.235.172,20.50.80.209,78,1,Normal,BENIGN
2026-03-18 10:41:39.830800,10.52.235.172,20.50.80.209,54,1,Normal,BENIGN
2026-03-18 10:41:40.082421,20.50.80.209,10.52.235.172,54,1,Normal,BENIGN
2026-03-18 10:41:51.092678,10.52.235.172,10.52.235.201,92,2,Normal,BENIGN
2026-03-18 10:41:51.101471,10.52.235.172,10.52.235.201,92,2,Normal,BENIGN
2026-03-18 10:41:51.140570,10.52.235.201,10.52.235.172,215,2,Normal,BENIGN
2026-03-18 10:41:51.152125,10.52.235.201,10.52.235.172,227,2,Normal,BENIGN
2026-03-18 10:41:51.160828,10.52.235.172,104.208.16.92,66,1,Normal,BENIGN
2026-03-18 10:41:51.438929,104.208.16.92,10.52.235.172,66,1,Normal,BENIGN
2026-03-18 10:41:52.425887,104.208.16.92,10.52.235.172,66,1,Normal,BENIGN
2026-03-18 10:41:54.492532,104.208.16.92,10.52.235.172,66,1,Normal,BENIGN
2026-03-18 10:41:58.299958,10.52.235.172,10.52.235.201,70,2,Normal,BENIGN
2026-03-18 10:41:58.326185,10.52.235.172,10.52.235.201,70,2,Normal,BENIGN
2026-03-18 10:41:58.356358,10.52.235.201,10.52.235.172,86,2,Normal,BENIGN
2026-03-18 10:41:58.385247,10.52.235.201,10.52.235.172,98,2,Normal,BENIGN
2026-03-18 10:42:04.618464,10.52.235.172,10.52.235.201,91,2,Normal,BENIGN
2026-03-18 10:42:04.638693,10.52.235.172,10.52.235.201,91,2,Normal,BENIGN
2026-03-18 10:42:04.675513,10.52.235.201,10.52.235.172,220,2,Normal,BENIGN
2026-03-18 10:42:04.701051,10.52.235.201,10.52.235.172,241,2,Normal,BENIGN
2026-03-18 10:42:23.579538,10.52.235.201,224.0.0.251,82,2,Normal,BENIGN
2026-03-18 10:42:23.592119,10.52.235.201,224.0.0.251,103,2,Normal,BENIGN
2026-03-18 10:42:23.603707,10.52.235.201,224.0.0.251,119,2,Normal,BENIGN
2026-03-18 10:42:24.579305,10.52.235.201,224.0.0.251,119,2,Normal,BENIGN
2026-03-18 10:42:25.578152,10.52.235.201,224.0.0.251,119,2,Normal,BENIGN
2026-03-18 10:42:25.712493,10.52.235.172,10.52.235.201,92,2,Normal,BENIGN
2026-03-18 10:42:25.722856,10.52.235.172,10.52.235.201,92,2,Normal,BENIGN
2026-03-18 10:42:25.733301,10.52.235.172,10.52.235.201,92,2,Normal,BENIGN
2026-03-18 10:42:25.862527,10.52.235.201,10.52.235.172,265,2,Normal,BENIGN
2026-03-18 10:42:25.882753,10.52.235.201,10.52.235.172,224,2,Normal,BENIGN
2026-03-18 10:42:25.900083,10.52.235.201,10.52.235.172,213,2,Normal,BENIGN
2026-03-18 10:42:47.030593,10.52.235.172,4.213.25.240,55,1,Normal,BENIGN
2026-03-18 10:42:47.083352,4.213.25.240,10.52.235.172,66,1,Normal,BENIGN
2026-03-18 10:42:58.205626,10.52.235.172,10.52.235.201,70,2,Normal,BENIGN
2026-03-18 10:42:58.215605,10.52.235.172,10.52.235.201,70,2,Normal,BENIGN
2026-03-18 10:42:58.244543,10.52.235.201,10.52.235.172,86,2,Normal,BENIGN
2026-03-18 10:42:58.254946,10.52.235.201,10.52.235.172,98,2,Normal,BENIGN
2026-03-18 10:42:58.422722,10.52.235.172,10.52.235.201,92,2,Normal,BENIGN
2026-03-18 10:42:58.431660,10.52.235.172,10.52.235.201,92,2,Normal,BENIGN
2026-03-18 10:42:58.455889,10.52.235.201,10.52.235.172,213,2,Normal,BENIGN
2026-03-18 10:42:58.465383,10.52.235.201,10.52.235.172,227,2,Normal,BENIGN
2026-03-18 10:42:58.473998,10.52.235.172,51.132.193.104,66,1,Normal,BENIGN
2026-03-18 10:42:58.608392,51.132.193.104,10.52.235.172,66,1,Normal,BENIGN
2026-03-18 10:42:58.617258,10.52.235.172,51.132.193.104,54,1,Normal,BENIGN
2026-03-18 10:42:58.624936,10.52.235.172,51.132.193.104,571,1,Normal,BENIGN
2026-03-18 10:42:58.786171,51.132.193.104,10.52.235.172,153,1,Normal,BENIGN
2026-03-18 10:42:58.796310,10.52.235.172,51.132.193.104,491,1,Normal,BENIGN
2026-03-18 10:42:59.006702,51.132.193.104,10.52.235.172,2614,1,Suspicious,BENIGN
2026-03-18 10:42:59.016771,51.132.193.104,10.52.235.172,706,1,Normal,BENIGN
2026-03-18 10:42:59.027361,10.52.235.172,51.132.193.104,66,1,Normal,BENIGN
2026-03-18 10:42:59.036957,51.132.193.104,10.52.235.172,1334,1,Suspicious,BENIGN
2026-03-18 10:42:59.050191,10.52.235.172,51.132.193.104,54,1,Normal,BENIGN
2026-03-18 10:42:59.059759,10.52.235.172,51.132.193.104,3833,1,Suspicious,BENIGN
2026-03-18 10:42:59.169271,51.132.193.104,10.52.235.172,54,1,Normal,BENIGN
2026-03-18 10:42:59.178565,51.132.193.104,10.52.235.172,157,1,Normal,BENIGN
2026-03-18 10:42:59.227163,10.52.235.172,51.132.193.104,54,1,Normal,BENIGN
2026-03-18 10:42:59.399879,51.132.193.104,10.52.235.172,520,1,Normal,BENIGN
2026-03-18 10:42:59.410194,10.52.235.172,51.132.193.104,54,1,Normal,BENIGN
2026-03-18 10:42:59.419035,10.52.235.172,51.132.193.104,78,1,Normal,BENIGN
2026-03-18 10:42:59.428168,10.52.235.172,51.132.193.104,54,1,Normal,BENIGN
2026-03-18 10:42:59.551849,51.132.193.104,10.52.235.172,54,1,Normal,BENIGN
2026-03-18 10:43:01.362608,10.52.235.172,10.52.235.201,79,2,Normal,BENIGN
2026-03-18 10:43:01.371316,10.52.235.172,10.52.235.201,79,2,Normal,BENIGN
2026-03-18 10:43:01.379844,10.52.235.172,10.52.235.201,79,2,Normal,BENIGN
2026-03-18 10:43:01.400797,10.52.235.201,10.52.235.172,274,2,Normal,BENIGN
2026-03-18 10:43:01.410343,10.52.235.201,10.52.235.172,272,2,Normal,BENIGN
2026-03-18 10:43:01.420628,10.52.235.201,10.52.235.172,164,2,Normal,BENIGN
2026-03-18 10:43:02.249955,10.52.235.172,10.52.235.201,92,2,Normal,BENIGN
2026-03-18 10:43:02.295943,10.52.235.201,10.52.235.172,215,2,Normal,BENIGN
2026-03-18 10:43:02.310710,10.52.235.172,52.182.143.215,66,1,Normal,BENIGN
2026-03-18 10:43:02.550481,52.182.143.215,10.52.235.172,66,1,Normal,BENIGN
2026-03-18 10:43:03.619321,52.182.143.215,10.52.235.172,66,1,Normal,BENIGN
2026-03-18 10:43:05.811108,52.182.143.215,10.52.235.172,66,1,Normal,BENIGN
2026-03-18 10:43:07.013237,10.52.235.172,10.52.235.201,92,2,Normal,BENIGN
2026-03-18 10:43:07.036769,10.52.235.172,10.52.235.201,92,2,Suspicious,BENIGN
2026-03-18 10:43:07.065219,10.52.235.201,10.52.235.172,212,2,Normal,BENIGN
2026-03-18 10:43:07.089937,10.52.235.201,10.52.235.172,224,2,Normal,BENIGN
2026-03-18 10:43:07.118313,10.52.235.172,20.42.73.25,66,1,Suspicious,BENIGN
2026-03-18 10:43:07.346489,20.42.73.25,10.52.235.172,66,1,Normal,BENIGN
2026-03-18 10:43:08.325497,20.42.73.25,10.52.235.172,66,1,Normal,BENIGN
2026-03-18 10:43:10.334871,20.42.73.25,10.52.235.172,66,1,Normal,BENIGN
2026-03-18 10:44:16.618976,10.52.235.172,10.52.235.201,89,2,Normal,BENIGN
2026-03-18 10:44:16.646265,10.52.235.172,10.52.235.201,89,2,Normal,BENIGN
2026-03-18 10:44:16.723177,10.52.235.201,10.52.235.172,231,2,Normal,BENIGN
2026-03-18 10:44:16.760071,10.52.235.201,10.52.235.172,243,2,Normal,BENIGN
2026-03-18 10:44:18.793880,10.52.235.172,10.52.235.201,92,2,Normal,BENIGN
2026-03-18 10:44:18.818090,10.52.235.172,10.52.235.201,92,2,Normal,BENIGN
2026-03-18 10:44:18.841529,10.52.235.172,10.52.235.201,92,2,Normal,BENIGN
2026-03-18 10:44:18.869719,10.52.235.201,10.52.235.172,256,2,Normal,BENIGN
2026-03-18 10:44:18.896227,10.52.235.201,10.52.235.172,215,2,Normal,BENIGN
2026-03-18 10:44:18.920252,10.52.235.201,10.52.235.172,227,2,Normal,BENIGN
2026-03-18 10:44:21.910439,10.52.235.172,10.52.235.201,70,2,Normal,BENIGN
2026-03-18 10:44:21.928830,10.52.235.172,10.52.235.201,70,2,Normal,BENIGN
2026-03-18 10:44:21.943815,10.52.235.201,10.52.235.172,86,2,Normal,BENIGN
2026-03-18 10:44:21.960150,10.52.235.201,10.52.235.172,98,2,Normal,BENIGN
2026-03-18 10:44:52.745219,10.52.235.172,192.163.208.117,66,1,Normal,BENIGN
2026-03-18 10:44:53.055958,192.163.208.117,10.52.235.172,66,1,Normal,BENIGN
2026-03-18 10:44:54.019645,192.163.208.117,10.52.235.172,66,1,Normal,BENIGN
2026-03-18 10:44:56.018738,192.163.208.117,10.52.235.172,66,1,Normal,BENIGN
2026-03-18 10:44:57.130710,10.52.235.172,192.168.31.32,66,1,Normal,BENIGN
2026-03-18 10:44:58.145548,10.52.235.172,192.168.31.32,66,1,Normal,BENIGN
2026-03-18 10:44:59.316378,10.52.235.172,10.52.235.201,84,2,Normal,BENIGN
2026-03-18 10:44:59.360482,10.52.235.201,10.52.235.172,100,2,Normal,BENIGN
2026-03-18 10:44:59.376353,10.52.235.172,142.250.183.206,66,1,Normal,BENIGN
2026-03-18 10:44:59.439744,142.250.183.206,10.52.235.172,70,1,Normal,BENIGN
2026-03-18 10:44:59.454869,10.52.235.172,142.250.183.206,54,1,Normal,BENIGN
2026-03-18 10:44:59.472257,10.52.235.172,142.250.183.206,620,1,Normal,BENIGN
2026-03-18 10:44:59.510137,142.250.183.206,10.52.235.172,58,1,Normal,BENIGN
2026-03-18 10:44:59.532426,142.250.183.206,10.52.235.172,888,1,Normal,BENIGN
2026-03-18 10:44:59.554520,10.52.235.172,142.250.183.206,54,1,Normal,BENIGN
2026-03-18 10:44:59.595241,142.250.183.206,10.52.235.172,58,1,Normal,BENIGN
2026-03-18 10:44:59.606403,10.52.235.172,142.250.183.206,54,1,Normal,BENIGN
2026-03-18 10:45:00.149214,10.52.235.172,192.168.31.32,66,1,Normal,BENIGN
2026-03-18 10:45:02.738534,10.52.235.172,10.52.235.201,70,2,Normal,BENIGN
2026-03-18 10:45:02.762688,10.52.235.172,10.52.235.201,70,2,Normal,BENIGN
2026-03-18 10:45:02.787714,10.52.235.201,10.52.235.172,86,2,Normal,BENIGN
2026-03-18 10:45:02.813133,10.52.235.201,10.52.235.172,98,2,Normal,BENIGN
2026-03-18 10:45:04.142829,10.52.235.172,192.168.31.32,66,1,Normal,BENIGN
2026-03-18 10:45:12.165911,10.52.235.172,192.168.31.32,66,1,Normal,BENIGN
2026-03-18 10:45:37.141040,10.52.235.172,192.168.31.69,66,1,Normal,BENIGN
2026-03-18 10:45:38.150288,10.52.235.172,192.168.31.69,66,1,Normal,BENIGN
2026-03-18 10:45:38.477494,10.52.235.172,10.52.235.201,76,2,Normal,BENIGN
2026-03-18 10:45:38.510806,10.52.235.201,10.52.235.172,92,2,Normal,BENIGN
2026-03-18 10:45:39.284413,10.52.235.172,10.52.235.201,92,2,Normal,BENIGN
2026-03-18 10:45:39.300777,10.52.235.172,10.52.235.201,92,2,Normal,BENIGN
2026-03-18 10:45:39.324253,10.52.235.172,10.52.235.201,92,2,Normal,BENIGN
2026-03-18 10:45:39.431627,10.52.235.201,10.52.235.172,267,2,Normal,BENIGN
2026-03-18 10:45:39.457661,10.52.235.201,10.52.235.172,224,2,Normal,BENIGN
2026-03-18 10:45:39.486386,10.52.235.201,10.52.235.172,212,2,Normal,BENIGN
2026-03-18 10:45:40.166543,10.52.235.172,192.168.31.69,66,1,Normal,BENIGN
2026-03-18 10:45:44.179088,10.52.235.172,192.168.31.69,66,1,Normal,BENIGN
2026-03-18 10:45:44.738778,10.52.235.172,10.52.235.201,70,2,Normal,BENIGN
2026-03-18 10:45:44.764731,10.52.235.201,10.52.235.172,86,2,Normal,BENIGN
2026-03-18 10:45:52.180823,10.52.235.172,192.168.31.69,66,1,Normal,BENIGN
2026-03-18 10:45:57.650928,10.52.235.172,10.52.235.201,70,2,Normal,BENIGN
2026-03-18 10:45:57.670374,10.52.235.172,10.52.235.201,70,2,Normal,BENIGN
2026-03-18 10:45:57.684826,10.52.235.201,10.52.235.172,86,2,Normal,BENIGN
2026-03-18 10:45:57.696238,10.52.235.201,10.52.235.172,98,2,Normal,BENIGN
2026-03-18 10:45:58.920894,10.52.235.172,10.52.235.201,70,2,Normal,BENIGN
2026-03-18 10:45:58.951323,10.52.235.201,10.52.235.172,98,2,Normal,BENIGN
2026-03-18 10:46:08.477185,10.52.235.172,10.52.235.201,76,2,Normal,BENIGN
2026-03-18 10:46:08.508866,10.52.235.201,10.52.235.172,92,2,Normal,BENIGN
2026-03-18 10:46:17.177769,10.52.235.172,192.168.31.183,66,1,Normal,BENIGN
2026-03-18 10:46:18.186372,10.52.235.172,192.168.31.183,66,1,Normal,BENIGN
2026-03-18 10:46:20.189183,10.52.235.172,192.168.31.183,66,1,Normal,BENIGN
2026-03-18 10:46:24.186308,10.52.235.172,192.168.31.183,66,1,Normal,BENIGN
2026-03-18 10:46:31.891307,10.52.235.172,4.213.25.240,155,1,Normal,BENIGN
2026-03-18 10:46:31.925697,4.213.25.240,10.52.235.172,225,1,Normal,BENIGN
2026-03-18 10:46:31.971282,10.52.235.172,4.213.25.240,54,1,Normal,BENIGN
2026-03-18 10:46:32.200104,10.52.235.172,192.168.31.183,66,1,Normal,BENIGN
2026-03-18 10:46:39.831310,10.52.235.172,10.52.235.201,91,2,Normal,BENIGN
2026-03-18 10:46:39.844148,10.52.235.172,10.52.235.201,91,2,Normal,BENIGN
2026-03-18 10:46:39.859852,10.52.235.172,10.52.235.201,91,2,Normal,BENIGN
2026-03-18 10:46:39.912144,10.52.235.201,10.52.235.172,265,2,Normal,BENIGN
2026-03-18 10:46:39.939392,10.52.235.201,10.52.235.172,210,2,Normal,BENIGN
2026-03-18 10:46:39.956741,10.52.235.201,10.52.235.172,222,2,Normal,BENIGN
2026-03-18 10:46:40.403318,10.52.235.172,20.189.173.27,66,1,Normal,BENIGN
2026-03-18 10:46:40.753080,20.189.173.27,10.52.235.172,66,1,Normal,BENIGN
2026-03-18 10:46:41.691678,20.189.173.27,10.52.235.172,66,1,Normal,BENIGN
2026-03-18 10:46:41.975168,10.52.235.172,10.52.235.201,92,2,Normal,BENIGN
2026-03-18 10:46:41.995633,10.52.235.172,10.52.235.201,92,2,Normal,BENIGN
2026-03-18 10:46:42.012455,10.52.235.172,10.52.235.201,92,2,Normal,BENIGN
2026-03-18 10:46:42.040205,10.52.235.201,10.52.235.172,264,2,Normal,BENIGN
2026-03-18 10:46:42.062657,10.52.235.201,10.52.235.172,224,2,Normal,BENIGN
2026-03-18 10:46:42.083762,10.52.235.201,10.52.235.172,212,2,Normal,BENIGN
2026-03-18 10:46:43.655757,20.189.173.27,10.52.235.172,66,1,Normal,BENIGN
2026-03-18 10:46:50.303973,10.52.235.201,224.0.0.251,103,2,Normal,BENIGN
2026-03-18 10:46:50.324397,10.52.235.201,224.0.0.251,103,2,Normal,BENIGN
2026-03-18 10:46:50.346150,10.52.235.201,224.0.0.251,119,2,Normal,BENIGN
2026-03-18 10:46:51.302751,10.52.235.201,224.0.0.251,119,2,Normal,BENIGN
2026-03-18 10:46:52.307091,10.52.235.201,224.0.0.251,119,2,Normal,BENIGN
2026-03-18 10:46:58.280095,10.52.235.172,10.52.235.201,70,2,Normal,BENIGN
2026-03-18 10:46:58.302096,10.52.235.172,10.52.235.201,70,2,Normal,BENIGN
2026-03-18 10:46:58.328666,10.52.235.201,10.52.235.172,86,2,Normal,BENIGN
2026-03-18 10:46:58.347381,10.52.235.201,10.52.235.172,98,2,Normal,BENIGN
2026-03-18 10:47:09.396928,10.52.235.201,224.0.0.251,103,2,Normal,BENIGN
2026-03-18 10:47:09.413145,10.52.235.201,224.0.0.251,103,2,Normal,BENIGN
2026-03-18 10:47:09.432312,10.52.235.201,224.0.0.251,119,2,Normal,BENIGN
2026-03-18 10:47:10.470436,10.52.235.201,224.0.0.251,119,2,Normal,BENIGN
2026-03-18 10:47:11.409370,10.52.235.201,224.0.0.251,119,2,Normal,BENIGN
2026-03-18 10:47:58.313333,10.52.235.172,10.52.235.201,70,2,Normal,BENIGN
2026-03-18 10:47:58.326171,10.52.235.172,10.52.235.201,70,2,Normal,BENIGN
2026-03-18 10:47:58.343330,10.52.235.201,10.52.235.172,86,2,Normal,BENIGN
2026-03-18 10:47:58.364202,10.52.235.201,10.52.235.172,98,2,Normal,BENIGN
2026-03-18 10:48:00.457141,10.52.235.172,10.52.235.201,92,2,Normal,BENIGN
2026-03-18 10:48:00.476554,10.52.235.172,10.52.235.201,92,2,Normal,BENIGN
2026-03-18 10:48:00.491540,10.52.235.172,10.52.235.201,92,2,Normal,BENIGN
2026-03-18 10:48:00.506334,10.52.235.201,10.52.235.172,256,2,Normal,BENIGN
2026-03-18 10:48:00.523667,10.52.235.201,10.52.235.172,224,2,Normal,BENIGN
2026-03-18 10:48:00.537087,10.52.235.201,10.52.235.172,212,2,Normal,BENIGN
2026-03-18 10:48:01.693932,10.52.235.172,10.52.235.201,79,2,Normal,BENIGN
2026-03-18 10:48:01.715551,10.52.235.172,10.52.235.201,79,2,Normal,BENIGN
2026-03-18 10:48:01.735914,10.52.235.172,10.52.235.201,79,2,Normal,BENIGN
2026-03-18 10:48:01.752268,10.52.235.201,10.52.235.172,262,2,Normal,BENIGN
2026-03-18 10:48:01.765013,10.52.235.201,10.52.235.172,164,2,Normal,BENIGN
2026-03-18 10:48:01.781860,10.52.235.201,10.52.235.172,176,2,Normal,BENIGN
2026-03-18 10:48:17.248271,10.52.235.172,172.20.10.3,66,1,Normal,BENIGN
2026-03-18 10:48:18.244170,10.52.235.172,172.20.10.3,66,1,Normal,BENIGN
2026-03-18 10:48:20.264518,10.52.235.172,172.20.10.3,66,1,Normal,BENIGN
2026-03-18 10:48:24.282340,10.52.235.172,172.20.10.3,66,1,Normal,BENIGN
2026-03-18 10:48:32.296653,10.52.235.172,172.20.10.3,66,1,Normal,BENIGN
2026-03-18 10:48:46.877790,10.52.235.172,10.52.235.201,92,2,Normal,BENIGN
2026-03-18 10:48:46.886390,10.52.235.172,10.52.235.201,92,2,Normal,BENIGN
2026-03-18 10:48:46.917163,10.52.235.201,10.52.235.172,213,2,Normal,BENIGN
2026-03-18 10:48:46.930256,10.52.235.201,10.52.235.172,231,2,Normal,BENIGN
2026-03-18 10:48:46.938372,10.52.235.172,51.105.71.136,66,1,Normal,BENIGN
2026-03-18 10:48:47.098215,51.105.71.136,10.52.235.172,66,1,Normal,BENIGN
2026-03-18 10:48:47.106903,10.52.235.172,51.105.71.136,54,1,Normal,BENIGN
2026-03-18 10:48:47.115873,10.52.235.172,51.105.71.136,571,1,Normal,BENIGN
2026-03-18 10:48:47.283694,51.105.71.136,10.52.235.172,153,1,Normal,BENIGN
2026-03-18 10:48:47.293137,10.52.235.172,51.105.71.136,491,1,Normal,BENIGN
2026-03-18 10:48:47.462259,51.105.71.136,10.52.235.172,1334,1,Suspicious,BENIGN
2026-03-18 10:48:47.470920,51.105.71.136,10.52.235.172,2614,1,Suspicious,BENIGN
2026-03-18 10:48:47.479569,10.52.235.172,51.105.71.136,54,1,Normal,BENIGN
2026-03-18 10:48:47.487861,51.105.71.136,10.52.235.172,706,1,Normal,BENIGN
2026-03-18 10:48:47.496831,10.52.235.172,51.105.71.136,54,1,Normal,BENIGN
2026-03-18 10:48:47.505672,10.52.235.172,51.105.71.136,3821,1,Suspicious,BENIGN
2026-03-18 10:48:47.640881,51.105.71.136,10.52.235.172,157,1,Normal,BENIGN
2026-03-18 10:48:47.649529,51.105.71.136,10.52.235.172,54,1,Normal,BENIGN
2026-03-18 10:48:47.658858,51.105.71.136,10.52.235.172,520,1,Normal,BENIGN
2026-03-18 10:48:47.667072,10.52.235.172,51.105.71.136,54,1,Normal,BENIGN
2026-03-18 10:48:47.675747,10.52.235.172,51.105.71.136,78,1,Normal,BENIGN
2026-03-18 10:48:47.684350,10.52.235.172,51.105.71.136,54,1,Normal,BENIGN
2026-03-18 10:48:47.822713,51.105.71.136,10.52.235.172,54,1,Normal,BENIGN
2026-03-18 10:48:54.768365,10.52.235.172,10.52.235.201,68,2,Normal,BENIGN
2026-03-18 10:48:54.777003,10.52.235.172,10.52.235.201,68,2,Normal,BENIGN
2026-03-18 10:48:54.817988,10.52.235.201,10.52.235.172,132,2,Normal,BENIGN
2026-03-18 10:48:54.827534,10.52.235.201,10.52.235.172,180,2,Normal,BENIGN
2026-03-18 10:48:55.777396,10.52.235.172,10.52.235.201,82,2,Normal,BENIGN
2026-03-18 10:48:55.785720,10.52.235.172,10.52.235.201,82,2,Normal,BENIGN
2026-03-18 10:48:55.806864,10.52.235.201,10.52.235.172,159,2,Normal,BENIGN
2026-03-18 10:48:55.815499,10.52.235.201,10.52.235.172,183,2,Normal,BENIGN
2026-03-18 10:48:58.213422,10.52.235.172,10.52.235.201,70,2,Normal,BENIGN
2026-03-18 10:48:58.224105,10.52.235.172,10.52.235.201,70,2,Normal,BENIGN
2026-03-18 10:48:58.245788,10.52.235.201,10.52.235.172,86,2,Normal,BENIGN
2026-03-18 10:48:58.255076,10.52.235.201,10.52.235.172,98,2,Normal,BENIGN
2026-03-18 10:49:00.861868,10.52.235.172,10.52.235.201,92,2,Normal,BENIGN
2026-03-18 10:49:00.871712,10.52.235.172,10.52.235.201,92,2,Normal,BENIGN
2026-03-18 10:49:00.881375,10.52.235.172,10.52.235.201,92,2,Normal,BENIGN
2026-03-18 10:49:00.920265,10.52.235.201,10.52.235.172,263,2,Normal,BENIGN
2026-03-18 10:49:00.929216,10.52.235.201,10.52.235.172,212,2,Normal,BENIGN
2026-03-18 10:49:00.939707,10.52.235.201,10.52.235.172,224,2,Normal,BENIGN
2026-03-18 10:49:58.336360,10.52.235.172,10.52.235.201,70,2,Normal,BENIGN
2026-03-18 10:49:58.361255,10.52.235.172,10.52.235.201,70,2,Normal,BENIGN
2026-03-18 10:49:58.391231,10.52.235.201,10.52.235.172,86,2,Normal,BENIGN
2026-03-18 10:49:58.415511,10.52.235.201,10.52.235.172,98,2,Normal,BENIGN
2026-03-18 10:50:08.278398,10.52.235.201,224.0.0.251,103,2,Normal,BENIGN
2026-03-18 10:50:08.295283,10.52.235.201,224.0.0.251,103,2,Normal,BENIGN
2026-03-18 10:50:08.308743,10.52.235.201,224.0.0.251,119,2,Normal,BENIGN
2026-03-18 10:50:09.277490,10.52.235.201,224.0.0.251,119,2,Normal,BENIGN
2026-03-18 10:50:10.280371,10.52.235.201,224.0.0.251,119,2,Normal,BENIGN
2026-03-18 10:50:10.422767,10.52.235.172,10.52.235.201,92,2,Normal,BENIGN
2026-03-18 10:50:10.440908,10.52.235.172,10.52.235.201,92,2,Normal,BENIGN
2026-03-18 10:50:10.452064,10.52.235.172,10.52.235.201,92,2,Normal,BENIGN
2026-03-18 10:50:10.472664,10.52.235.201,10.52.235.172,266,2,Normal,BENIGN
2026-03-18 10:50:10.491777,10.52.235.201,10.52.235.172,224,2,Normal,BENIGN
2026-03-18 10:50:10.502654,10.52.235.201,10.52.235.172,212,2,Normal,BENIGN
2026-03-18 10:50:30.305783,10.52.235.201,224.0.0.251,119,2,Normal,BENIGN
2026-03-18 10:50:36.523059,10.52.235.201,224.0.0.251,103,2,Normal,BENIGN
2026-03-18 10:50:36.549709,10.52.235.201,224.0.0.251,103,2,Normal,BENIGN
2026-03-18 10:50:36.574696,10.52.235.201,224.0.0.251,119,2,Normal,BENIGN
2026-03-18 10:50:36.942494,10.52.235.172,4.213.25.240,55,1,Normal,BENIGN
2026-03-18 10:50:36.979654,4.213.25.240,10.52.235.172,66,1,Normal,BENIGN
2026-03-18 10:50:37.511115,10.52.235.201,224.0.0.251,119,2,Normal,BENIGN
2026-03-18 10:50:58.319990,10.52.235.172,10.52.235.201,70,2,Normal,BENIGN
2026-03-18 10:50:58.336410,10.52.235.172,10.52.235.201,70,2,Normal,BENIGN
2026-03-18 10:50:58.365023,10.52.235.201,10.52.235.172,86,2,Normal,BENIGN
2026-03-18 10:50:58.403287,10.52.235.201,10.52.235.172,98,2,Normal,BENIGN
2026-03-18 10:50:59.764901,10.52.235.172,10.52.235.201,92,2,Normal,BENIGN
2026-03-18 10:50:59.784636,10.52.235.172,10.52.235.201,92,2,Normal,BENIGN
2026-03-18 10:50:59.799009,10.52.235.201,10.52.235.172,212,2,Normal,BENIGN
2026-03-18 10:50:59.816235,10.52.235.201,10.52.235.172,224,2,Normal,BENIGN
2026-03-18 10:51:10.728046,10.52.235.172,10.52.235.201,70,2,Normal,BENIGN
2026-03-18 10:51:10.761509,10.52.235.201,10.52.235.172,86,2,Normal,BENIGN
2026-03-18 10:51:12.899596,10.52.235.172,10.52.235.201,92,2,Normal,BENIGN
2026-03-18 10:51:12.922714,10.52.235.172,10.52.235.201,92,2,Normal,BENIGN
2026-03-18 10:51:12.941719,10.52.235.172,10.52.235.201,92,2,Normal,BENIGN
2026-03-18 10:51:12.960230,10.52.235.201,10.52.235.172,266,2,Normal,BENIGN
2026-03-18 10:51:12.972152,10.52.235.201,10.52.235.172,225,2,Normal,BENIGN
2026-03-18 10:51:13.000296,10.52.235.201,10.52.235.172,215,2,Normal,BENIGN
2026-03-18 10:51:35.447277,10.52.235.172,10.52.235.201,70,2,Normal,BENIGN
2026-03-18 10:51:35.462502,10.52.235.172,10.52.235.201,70,2,Normal,BENIGN
2026-03-18 10:51:35.486080,10.52.235.201,10.52.235.172,86,2,Normal,BENIGN
2026-03-18 10:51:35.504019,10.52.235.201,10.52.235.172,98,2,Normal,BENIGN
2026-03-18 10:52:17.692500,10.52.235.172,10.52.235.201,70,2,Normal,BENIGN
2026-03-18 10:52:17.701827,10.52.235.201,10.52.235.172,98,2,Normal,BENIGN
2026-03-18 10:52:19.813964,10.52.235.172,10.52.235.201,92,2,Normal,BENIGN
2026-03-18 10:52:19.823899,10.52.235.172,10.52.235.201,92,2,Normal,BENIGN
2026-03-18 10:52:19.833228,10.52.235.172,10.52.235.201,92,2,Normal,BENIGN
2026-03-18 10:52:19.858275,10.52.235.201,10.52.235.172,278,2,Normal,BENIGN
2026-03-18 10:52:19.869807,10.52.235.201,10.52.235.172,224,2,Normal,BENIGN
2026-03-18 10:52:19.880668,10.52.235.201,10.52.235.172,215,2,Normal,BENIGN
2026-03-18 10:52:23.124541,10.52.235.172,35.237.69.59,66,1,Normal,BENIGN
2026-03-18 10:52:23.381723,35.237.69.59,10.52.235.172,66,1,Normal,BENIGN
2026-03-18 10:52:23.393808,10.52.235.172,35.237.69.59,54,1,Normal,BENIGN
2026-03-18 10:52:23.402538,10.52.235.172,35.237.69.59,2120,1,Suspicious,BENIGN
2026-03-18 10:52:23.427922,10.52.235.172,35.237.69.59,66,1,Normal,BENIGN
2026-03-18 10:52:23.651712,35.237.69.59,10.52.235.172,54,1,Normal,BENIGN
2026-03-18 10:52:23.662792,35.237.69.59,10.52.235.172,2614,1,Suspicious,BENIGN
2026-03-18 10:52:23.672054,10.52.235.172,35.237.69.59,54,1,Normal,BENIGN
2026-03-18 10:52:23.681026,35.237.69.59,10.52.235.172,559,1,Normal,BENIGN
2026-03-18 10:52:23.693442,10.52.235.172,35.237.69.59,118,1,Normal,BENIGN
2026-03-18 10:52:23.703727,10.52.235.172,35.237.69.59,146,1,Normal,BENIGN
2026-03-18 10:52:23.717178,10.52.235.172,35.237.69.59,445,1,Normal,BENIGN
2026-03-18 10:52:23.729510,10.52.235.172,35.237.69.59,148,1,Normal,BENIGN
2026-03-18 10:52:23.741671,10.52.235.172,35.237.69.59,148,1,Normal,BENIGN
2026-03-18 10:52:23.750090,10.52.235.172,35.237.69.59,148,1,Normal,BENIGN
2026-03-18 10:52:23.759772,10.52.235.172,35.237.69.59,148,1,Normal,BENIGN
2026-03-18 10:52:23.769565,35.237.69.59,10.52.235.172,66,1,Normal,BENIGN
2026-03-18 10:52:23.920789,35.237.69.59,10.52.235.172,54,1,Normal,BENIGN
2026-03-18 10:52:23.930703,35.237.69.59,10.52.235.172,581,1,Normal,BENIGN
2026-03-18 10:52:23.940557,10.52.235.172,35.237.69.59,85,1,Normal,BENIGN
2026-03-18 10:52:23.950180,35.237.69.59,10.52.235.172,624,1,Normal,BENIGN
2026-03-18 10:52:23.959330,35.237.69.59,10.52.235.172,152,1,Normal,BENIGN
2026-03-18 10:52:23.968828,10.52.235.172,35.237.69.59,54,1,Normal,BENIGN
2026-03-18 10:52:23.978806,10.52.235.172,35.237.69.59,262,1,Normal,BENIGN
2026-03-18 10:52:23.988017,10.52.235.172,35.237.69.59,143,1,Normal,BENIGN
2026-03-18 10:52:23.997351,10.52.235.172,35.237.69.59,143,1,Normal,BENIGN
2026-03-18 10:52:24.008023,10.52.235.172,35.237.69.59,143,1,Suspicious,BENIGN
2026-03-18 10:52:24.019166,10.52.235.172,35.237.69.59,143,1,Suspicious,BENIGN
2026-03-18 10:52:24.028777,10.52.235.172,35.237.69.59,830,1,Suspicious,BENIGN
2026-03-18 10:52:24.040519,10.52.235.172,35.237.69.59,830,1,Suspicious,BENIGN
2026-03-18 10:52:24.050663,10.52.235.172,35.237.69.59,830,1,Suspicious,BENIGN
2026-03-18 10:52:24.060056,10.52.235.172,35.237.69.59,830,1,Suspicious,BENIGN
2026-03-18 10:52:24.068220,10.52.235.172,35.237.69.59,830,1,Suspicious,BENIGN
2026-03-18 10:52:24.246803,35.237.69.59,10.52.235.172,54,1,Normal,BENIGN
2026-03-18 10:52:24.256144,35.237.69.59,10.52.235.172,54,1,Normal,BENIGN
2026-03-18 10:52:24.264915,35.237.69.59,10.52.235.172,378,1,Normal,BENIGN
2026-03-18 10:52:24.274175,35.237.69.59,10.52.235.172,227,1,Normal,BENIGN
2026-03-18 10:52:24.282494,35.237.69.59,10.52.235.172,229,1,Normal,BENIGN
2026-03-18 10:52:24.291918,35.237.69.59,10.52.235.172,227,1,Normal,BENIGN
2026-03-18 10:52:24.300333,10.52.235.172,35.237.69.59,54,1,Suspicious,BENIGN
2026-03-18 10:52:24.723589,35.237.69.59,10.52.235.172,66,1,Normal,BENIGN
2026-03-18 10:52:26.810953,35.237.69.59,10.52.235.172,66,1,Normal,BENIGN
2026-03-18 10:52:28.065471,10.52.235.172,35.237.69.59,143,1,Suspicious,BENIGN
2026-03-18 10:52:28.076598,10.52.235.172,35.237.69.59,830,1,Normal,BENIGN
2026-03-18 10:52:28.357965,35.237.69.59,10.52.235.172,54,1,Normal,BENIGN
2026-03-18 10:52:28.375193,35.237.69.59,10.52.235.172,252,1,Normal,BENIGN
2026-03-18 10:52:28.429047,10.52.235.172,35.237.69.59,54,1,Normal,BENIGN
2026-03-18 10:52:28.738312,10.52.235.172,10.52.235.201,70,2,Normal,BENIGN
2026-03-18 10:52:28.748407,10.52.235.172,10.52.235.201,70,2,Normal,BENIGN
2026-03-18 10:52:28.771883,10.52.235.201,10.52.235.172,86,2,Normal,BENIGN
2026-03-18 10:52:28.782102,10.52.235.201,10.52.235.172,98,2,Normal,BENIGN
2026-03-18 10:52:32.823931,10.52.235.172,35.237.69.59,148,1,Normal,BENIGN
2026-03-18 10:52:33.104909,35.237.69.59,10.52.235.172,176,1,Normal,BENIGN
2026-03-18 10:52:33.123685,10.52.235.172,35.237.69.59,143,1,Normal,BENIGN
2026-03-18 10:52:33.143321,10.52.235.172,35.237.69.59,830,1,Normal,BENIGN
2026-03-18 10:52:33.375305,35.237.69.59,10.52.235.172,54,1,Normal,BENIGN
2026-03-18 10:52:33.394125,35.237.69.59,10.52.235.172,223,1,Normal,BENIGN
2026-03-18 10:52:33.412282,10.52.235.172,35.237.69.59,89,1,Normal,BENIGN
2026-03-18 10:52:33.685166,35.237.69.59,10.52.235.172,54,1,Normal,BENIGN
2026-03-18 10:52:38.082294,10.52.235.172,35.237.69.59,143,1,Normal,BENIGN
2026-03-18 10:52:38.095677,10.52.235.172,35.237.69.59,830,1,Normal,BENIGN
2026-03-18 10:52:38.354889,35.237.69.59,10.52.235.172,54,1,Normal,BENIGN
2026-03-18 10:52:38.381503,35.237.69.59,10.52.235.172,54,1,Normal,BENIGN
2026-03-18 10:52:38.405747,35.237.69.59,10.52.235.172,251,1,Normal,BENIGN
2026-03-18 10:52:38.427708,10.52.235.172,35.237.69.59,54,1,Normal,BENIGN
2026-03-18 10:52:39.848576,10.52.235.172,10.52.235.201,91,2,Normal,BENIGN
2026-03-18 10:52:39.861506,10.52.235.172,10.52.235.201,91,2,Normal,BENIGN
2026-03-18 10:52:39.877305,10.52.235.172,10.52.235.201,91,2,Normal,BENIGN
2026-03-18 10:52:39.894856,10.52.235.201,10.52.235.172,271,2,Normal,BENIGN
2026-03-18 10:52:39.907435,10.52.235.201,10.52.235.172,213,2,Normal,BENIGN
2026-03-18 10:52:39.933901,10.52.235.201,10.52.235.172,222,2,Normal,BENIGN
2026-03-18 10:52:43.083169,10.52.235.172,35.237.69.59,148,1,Normal,BENIGN
2026-03-18 10:52:43.345963,35.237.69.59,10.52.235.172,177,1,Normal,BENIGN
2026-03-18 10:52:43.364235,10.52.235.172,35.237.69.59,143,1,Normal,BENIGN
2026-03-18 10:52:43.380067,10.52.235.172,35.237.69.59,830,1,Normal,BENIGN
2026-03-18 10:52:43.639594,35.237.69.59,10.52.235.172,54,1,Normal,BENIGN
2026-03-18 10:52:43.657141,35.237.69.59,10.52.235.172,248,1,Normal,BENIGN
2026-03-18 10:52:43.673924,10.52.235.172,35.237.69.59,89,1,Normal,BENIGN
2026-03-18 10:52:43.958138,35.237.69.59,10.52.235.172,54,1,Normal,BENIGN
2026-03-18 10:52:48.074698,10.52.235.172,35.237.69.59,143,1,Normal,BENIGN
2026-03-18 10:52:48.088134,10.52.235.172,35.237.69.59,830,1,Normal,BENIGN
2026-03-18 10:52:48.345237,35.237.69.59,10.52.235.172,54,1,Normal,BENIGN
2026-03-18 10:52:48.375393,35.237.69.59,10.52.235.172,54,1,Normal,BENIGN
2026-03-18 10:52:48.405051,35.237.69.59,10.52.235.172,248,1,Normal,BENIGN
2026-03-18 10:52:48.431398,10.52.235.172,35.237.69.59,54,1,Normal,BENIGN
2026-03-18 10:52:53.077484,10.52.235.172,35.237.69.59,148,1,Normal,BENIGN
2026-03-18 10:52:53.361001,35.237.69.59,10.52.235.172,176,1,Normal,BENIGN
2026-03-18 10:52:53.381603,10.52.235.172,35.237.69.59,143,1,Normal,BENIGN
2026-03-18 10:52:53.400133,10.52.235.172,35.237.69.59,830,1,Normal,BENIGN
2026-03-18 10:52:53.632357,35.237.69.59,10.52.235.172,54,1,Normal,BENIGN
2026-03-18 10:52:53.663069,35.237.69.59,10.52.235.172,248,1,Normal,BENIGN
2026-03-18 10:52:53.683241,10.52.235.172,35.237.69.59,89,1,Normal,BENIGN
2026-03-18 10:52:53.949220,35.237.69.59,10.52.235.172,54,1,Normal,BENIGN
2026-03-18 10:52:58.081698,10.52.235.172,35.237.69.59,143,1,Normal,BENIGN
2026-03-18 10:52:58.097832,10.52.235.172,35.237.69.59,830,1,Normal,BENIGN
2026-03-18 10:52:58.349900,35.237.69.59,10.52.235.172,54,1,Normal,BENIGN
2026-03-18 10:52:58.373205,35.237.69.59,10.52.235.172,54,1,Normal,BENIGN
2026-03-18 10:52:58.391455,35.237.69.59,10.52.235.172,247,1,Normal,BENIGN
2026-03-18 10:52:58.409896,10.52.235.172,35.237.69.59,54,1,Normal,BENIGN
2026-03-18 10:53:01.958350,10.52.235.172,10.52.235.201,79,2,Normal,BENIGN
2026-03-18 10:53:01.975707,10.52.235.172,10.52.235.201,79,2,Normal,BENIGN
2026-03-18 10:53:01.991296,10.52.235.172,10.52.235.201,79,2,Normal,BENIGN
2026-03-18 10:53:02.003203,10.52.235.201,10.52.235.172,262,2,Normal,BENIGN
2026-03-18 10:53:02.019291,10.52.235.201,10.52.235.172,164,2,Normal,BENIGN
2026-03-18 10:53:02.033860,10.52.235.201,10.52.235.172,176,2,Normal,BENIGN
2026-03-18 10:53:03.080223,10.52.235.172,35.237.69.59,148,1,Normal,BENIGN
2026-03-18 10:53:03.327061,35.237.69.59,10.52.235.172,356,1,Normal,BENIGN
2026-03-18 10:53:03.344997,10.52.235.172,35.237.69.59,143,1,Normal,BENIGN
2026-03-18 10:53:03.362954,10.52.235.172,35.237.69.59,830,1,Normal,BENIGN
2026-03-18 10:53:03.597878,35.237.69.59,10.52.235.172,54,1,Normal,BENIGN
2026-03-18 10:53:03.611092,35.237.69.59,10.52.235.172,248,1,Normal,BENIGN
2026-03-18 10:53:03.624610,10.52.235.172,35.237.69.59,89,1,Normal,BENIGN
2026-03-18 10:53:03.890035,35.237.69.59,10.52.235.172,54,1,Normal,BENIGN
2026-03-18 10:53:08.118972,10.52.235.172,35.237.69.59,143,1,Normal,BENIGN
2026-03-18 10:53:08.135151,10.52.235.172,35.237.69.59,830,1,Normal,BENIGN
2026-03-18 10:53:08.388793,35.237.69.59,10.52.235.172,54,1,Normal,BENIGN
2026-03-18 10:53:08.400816,35.237.69.59,10.52.235.172,54,1,Normal,BENIGN
2026-03-18 10:53:08.417468,35.237.69.59,10.52.235.172,251,1,Normal,BENIGN
2026-03-18 10:53:08.447124,10.52.235.172,35.237.69.59,54,1,Normal,BENIGN
2026-03-18 10:53:13.154807,10.52.235.172,10.52.235.201,70,2,Normal,BENIGN
2026-03-18 10:53:13.170762,10.52.235.172,35.237.69.59,148,1,Normal,BENIGN
2026-03-18 10:53:13.187564,10.52.235.201,10.52.235.172,98,2,Normal,BENIGN
2026-03-18 10:53:13.429981,35.237.69.59,10.52.235.172,180,1,Normal,BENIGN
2026-03-18 10:53:13.455932,10.52.235.172,35.237.69.59,143,1,Normal,BENIGN
2026-03-18 10:53:13.480317,10.52.235.172,35.237.69.59,830,1,Normal,BENIGN
2026-03-18 10:53:13.698106,35.237.69.59,10.52.235.172,54,1,Normal,BENIGN
2026-03-18 10:53:13.783798,35.237.69.59,10.52.235.172,250,1,Normal,BENIGN
2026-03-18 10:53:13.819108,10.52.235.172,35.237.69.59,89,1,Normal,BENIGN
2026-03-18 10:53:14.149967,10.52.235.172,35.237.69.59,89,1,Normal,BENIGN
2026-03-18 10:53:14.173413,35.237.69.59,10.52.235.172,54,1,Normal,BENIGN
2026-03-18 10:53:14.410412,35.237.69.59,10.52.235.172,66,1,Normal,BENIGN
2026-03-18 10:53:18.074772,10.52.235.172,35.237.69.59,143,1,Normal,BENIGN
2026-03-18 10:53:18.091898,10.52.235.172,35.237.69.59,830,1,Normal,BENIGN
2026-03-18 10:53:18.341480,35.237.69.59,10.52.235.172,54,1,Normal,BENIGN
2026-03-18 10:53:18.369575,35.237.69.59,10.52.235.172,54,1,Normal,BENIGN
2026-03-18 10:53:18.399038,35.237.69.59,10.52.235.172,249,1,Normal,BENIGN
2026-03-18 10:53:18.421064,10.52.235.172,35.237.69.59,54,1,Normal,BENIGN
2026-03-18 10:53:20.242644,10.52.235.172,10.52.235.201,92,2,Normal,BENIGN
2026-03-18 10:53:20.268855,10.52.235.172,10.52.235.201,92,2,Normal,BENIGN
2026-03-18 10:53:20.294593,10.52.235.172,10.52.235.201,92,2,Normal,BENIGN
2026-03-18 10:53:20.317209,10.52.235.201,10.52.235.172,270,2,Normal,BENIGN
2026-03-18 10:53:20.330044,10.52.235.201,10.52.235.172,224,2,Normal,BENIGN
2026-03-18 10:53:20.345295,10.52.235.201,10.52.235.172,212,2,Normal,BENIGN
2026-03-18 10:53:23.078802,10.52.235.172,35.237.69.59,148,1,Normal,BENIGN
2026-03-18 10:53:23.352565,35.237.69.59,10.52.235.172,179,1,Normal,BENIGN
2026-03-18 10:53:23.381398,10.52.235.172,35.237.69.59,143,1,Normal,BENIGN
2026-03-18 10:53:23.408895,10.52.235.172,35.237.69.59,830,1,Normal,BENIGN
2026-03-18 10:53:23.609938,35.237.69.59,10.52.235.172,54,1,Normal,BENIGN
2026-03-18 10:53:23.634700,35.237.69.59,10.52.235.172,247,1,Normal,BENIGN
2026-03-18 10:53:23.659919,10.52.235.172,35.237.69.59,89,1,Normal,BENIGN
2026-03-18 10:53:23.789466,10.52.235.172,10.52.235.201,70,2,Normal,BENIGN
2026-03-18 10:53:23.830474,10.52.235.201,10.52.235.172,86,2,Normal,BENIGN
2026-03-18 10:53:23.916084,35.237.69.59,10.52.235.172,54,1,Normal,BENIGN
2026-03-18 10:53:28.088885,10.52.235.172,35.237.69.59,143,1,Normal,BENIGN
2026-03-18 10:53:28.106501,10.52.235.172,35.237.69.59,830,1,Normal,BENIGN
2026-03-18 10:53:28.358056,35.237.69.59,10.52.235.172,54,1,Normal,BENIGN
2026-03-18 10:53:28.376090,35.237.69.59,10.52.235.172,54,1,Normal,BENIGN
2026-03-18 10:53:28.390843,35.237.69.59,10.52.235.172,247,1,Normal,BENIGN
2026-03-18 10:53:28.422222,10.52.235.172,35.237.69.59,54,1,Normal,BENIGN
2026-03-18 10:53:33.079449,10.52.235.172,35.237.69.59,148,1,Normal,BENIGN
2026-03-18 10:53:33.368089,35.237.69.59,10.52.235.172,179,1,Normal,BENIGN
2026-03-18 10:53:33.392004,10.52.235.172,35.237.69.59,143,1,Normal,BENIGN
2026-03-18 10:53:33.416556,10.52.235.172,35.237.69.59,830,1,Normal,BENIGN
2026-03-18 10:53:33.635189,35.237.69.59,10.52.235.172,54,1,Normal,BENIGN
2026-03-18 10:53:33.652247,35.237.69.59,10.52.235.172,250,1,Normal,BENIGN
2026-03-18 10:53:33.666742,10.52.235.172,35.237.69.59,89,1,Normal,BENIGN
2026-03-18 10:53:33.782993,10.52.235.172,239.255.255.250,179,2,Normal,BENIGN
2026-03-18 10:53:33.968257,35.237.69.59,10.52.235.172,54,1,Normal,BENIGN
2026-03-18 10:53:34.756221,10.52.235.172,10.52.235.201,90,2,Normal,BENIGN
2026-03-18 10:53:34.767183,10.52.235.172,10.52.235.201,90,2,Normal,BENIGN
2026-03-18 10:53:34.805595,10.52.235.201,10.52.235.172,208,2,Normal,BENIGN
2026-03-18 10:53:34.823654,10.52.235.201,10.52.235.172,223,2,Normal,BENIGN
2026-03-18 10:53:36.797198,10.52.235.172,239.255.255.250,179,2,Normal,BENIGN
2026-03-18 10:53:38.071873,10.52.235.172,10.52.235.201,70,2,Normal,BENIGN
2026-03-18 10:53:38.082596,10.52.235.172,10.52.235.201,70,2,Normal,BENIGN
2026-03-18 10:53:38.113144,10.52.235.201,10.52.235.172,234,2,Normal,BENIGN
2026-03-18 10:53:38.137894,10.52.235.201,10.52.235.172,246,2,Normal,BENIGN
2026-03-18 10:53:38.381631,10.52.235.172,10.52.235.201,76,2,Normal,BENIGN
2026-03-18 10:53:38.412859,10.52.235.172,10.52.235.201,76,2,Normal,BENIGN
2026-03-18 10:53:38.429759,10.52.235.201,10.52.235.172,183,2,Normal,BENIGN
2026-03-18 10:53:38.448104,10.52.235.201,10.52.235.172,207,2,Normal,BENIGN
2026-03-18 10:53:38.868159,10.52.235.172,10.52.235.201,74,2,Normal,BENIGN
2026-03-18 10:53:38.883088,10.52.235.172,10.52.235.201,74,2,Normal,BENIGN
2026-03-18 10:53:38.904330,10.52.235.201,10.52.235.172,298,2,Normal,BENIGN
2026-03-18 10:53:38.924057,10.52.235.201,10.52.235.172,279,2,Normal,BENIGN
2026-03-18 10:53:39.810849,10.52.235.172,239.255.255.250,179,2,Normal,BENIGN
2026-03-18 10:53:43.666568,10.52.235.172,35.237.69.59,148,1,Normal,BENIGN
2026-03-18 10:53:43.688070,10.52.235.172,35.237.69.59,93,1,Normal,BENIGN
2026-03-18 10:53:43.948169,35.237.69.59,10.52.235.172,54,1,Normal,BENIGN
2026-03-18 10:53:43.971566,35.237.69.59,10.52.235.172,54,1,Normal,BENIGN
2026-03-18 10:53:43.988049,35.237.69.59,10.52.235.172,93,1,Normal,BENIGN
2026-03-18 10:53:44.012336,35.237.69.59,10.52.235.172,176,1,Normal,BENIGN
2026-03-18 10:53:44.028527,10.52.235.172,35.237.69.59,54,1,Normal,BENIGN
2026-03-18 10:53:44.042479,10.52.235.172,35.237.69.59,147,1,Normal,BENIGN
2026-03-18 10:53:44.053559,10.52.235.172,35.237.69.59,5572,1,Suspicious,BENIGN
2026-03-18 10:53:44.258092,35.237.69.59,10.52.235.172,54,1,Normal,BENIGN
2026-03-18 10:53:44.275860,35.237.69.59,10.52.235.172,54,1,Normal,BENIGN
2026-03-18 10:53:44.293570,35.237.69.59,10.52.235.172,227,1,Normal,BENIGN
2026-03-18 10:53:44.308617,10.52.235.172,35.237.69.59,89,1,Normal,BENIGN
2026-03-18 10:53:44.324778,10.52.235.172,35.237.69.59,143,1,Normal,BENIGN
2026-03-18 10:53:44.344008,10.52.235.172,35.237.69.59,830,1,Normal,BENIGN
2026-03-18 10:53:44.554449,35.237.69.59,10.52.235.172,54,1,Normal,BENIGN
2026-03-18 10:53:44.577846,35.237.69.59,10.52.235.172,247,1,Normal,BENIGN
2026-03-18 10:53:44.629410,10.52.235.172,35.237.69.59,54,1,Normal,BENIGN
2026-03-18 10:53:48.060808,10.52.235.172,35.237.69.59,143,1,Normal,BENIGN
2026-03-18 10:53:48.071214,10.52.235.172,35.237.69.59,830,1,Normal,BENIGN
2026-03-18 10:53:48.357120,35.237.69.59,10.52.235.172,54,1,Normal,BENIGN
2026-03-18 10:53:48.372109,35.237.69.59,10.52.235.172,251,1,Normal,BENIGN
2026-03-18 10:53:48.427183,10.52.235.172,35.237.69.59,54,1,Normal,BENIGN
2026-03-18 10:53:53.068515,10.52.235.172,35.237.69.59,148,1,Normal,BENIGN
2026-03-18 10:53:53.368037,35.237.69.59,10.52.235.172,176,1,Normal,BENIGN
2026-03-18 10:53:53.380339,10.52.235.172,35.237.69.59,143,1,Normal,BENIGN
2026-03-18 10:53:53.392814,10.52.235.172,35.237.69.59,830,1,Normal,BENIGN
2026-03-18 10:53:53.616830,35.237.69.59,10.52.235.172,54,1,Normal,BENIGN
2026-03-18 10:53:53.627531,35.237.69.59,10.52.235.172,247,1,Normal,BENIGN
2026-03-18 10:53:53.641144,10.52.235.172,35.237.69.59,89,1,Normal,BENIGN
2026-03-18 10:53:53.944288,35.237.69.59,10.52.235.172,54,1,Normal,BENIGN
2026-03-18 10:53:58.063020,10.52.235.172,35.237.69.59,143,1,Normal,BENIGN
2026-03-18 10:53:58.074268,10.52.235.172,35.237.69.59,830,1,Normal,BENIGN
2026-03-18 10:53:58.315573,35.237.69.59,10.52.235.172,54,1,Normal,BENIGN
2026-03-18 10:53:58.325269,35.237.69.59,10.52.235.172,54,1,Normal,BENIGN
2026-03-18 10:53:58.343864,35.237.69.59,10.52.235.172,425,1,Normal,BENIGN
2026-03-18 10:53:58.379587,10.52.235.172,35.237.69.59,54,1,Normal,BENIGN
2026-03-18 10:54:03.070113,10.52.235.172,35.237.69.59,148,1,Normal,BENIGN
2026-03-18 10:54:03.349406,35.237.69.59,10.52.235.172,182,1,Normal,BENIGN
2026-03-18 10:54:03.358193,10.52.235.172,35.237.69.59,143,1,Normal,BENIGN
2026-03-18 10:54:03.366524,10.52.235.172,35.237.69.59,830,1,Normal,BENIGN
2026-03-18 10:54:03.614445,35.237.69.59,10.52.235.172,54,1,Normal,BENIGN
2026-03-18 10:54:03.626442,35.237.69.59,10.52.235.172,247,1,Normal,BENIGN
2026-03-18 10:54:03.636610,10.52.235.172,35.237.69.59,89,1,Normal,BENIGN
2026-03-18 10:54:03.921527,35.237.69.59,10.52.235.172,54,1,Normal,BENIGN
2026-03-18 10:54:06.660268,10.52.235.172,10.52.235.201,70,2,Normal,BENIGN
2026-03-18 10:54:06.668463,10.52.235.172,10.52.235.201,70,2,Normal,BENIGN
2026-03-18 10:54:06.685929,10.52.235.201,10.52.235.172,86,2,Normal,BENIGN
2026-03-18 10:54:06.694468,10.52.235.201,10.52.235.172,98,2,Normal,BENIGN
2026-03-18 10:54:08.070891,10.52.235.172,35.237.69.59,143,1,Normal,BENIGN
2026-03-18 10:54:08.084231,10.52.235.172,35.237.69.59,830,1,Normal,BENIGN
2026-03-18 10:54:08.332604,35.237.69.59,10.52.235.172,54,1,Normal,BENIGN
2026-03-18 10:54:08.343374,35.237.69.59,10.52.235.172,54,1,Normal,BENIGN
2026-03-18 10:54:08.355987,35.237.69.59,10.52.235.172,247,1,Normal,BENIGN
2026-03-18 10:54:08.394158,10.52.235.172,35.237.69.59,54,1,Normal,BENIGN
2026-03-18 10:54:13.084950,10.52.235.172,35.237.69.59,148,1,Normal,BENIGN
2026-03-18 10:54:13.349637,35.237.69.59,10.52.235.172,177,1,Normal,BENIGN
2026-03-18 10:54:13.368821,10.52.235.172,35.237.69.59,143,1,Normal,BENIGN
2026-03-18 10:54:13.398961,10.52.235.172,35.237.69.59,830,1,Normal,BENIGN
2026-03-18 10:54:13.620857,35.237.69.59,10.52.235.172,54,1,Normal,BENIGN
2026-03-18 10:54:13.631661,35.237.69.59,10.52.235.172,250,1,Normal,BENIGN
2026-03-18 10:54:13.653615,10.52.235.172,35.237.69.59,89,1,Normal,BENIGN
2026-03-18 10:54:13.937887,35.237.69.59,10.52.235.172,54,1,Normal,BENIGN
2026-03-18 10:54:18.102594,10.52.235.172,35.237.69.59,143,1,Normal,BENIGN
2026-03-18 10:54:18.129646,10.52.235.172,35.237.69.59,830,1,Normal,BENIGN
2026-03-18 10:54:18.194179,10.52.235.172,10.52.235.201,70,2,Normal,BENIGN
2026-03-18 10:54:18.233992,10.52.235.201,10.52.235.172,98,2,Normal,BENIGN
2026-03-18 10:54:18.378289,35.237.69.59,10.52.235.172,54,1,Normal,BENIGN
2026-03-18 10:54:18.411494,35.237.69.59,10.52.235.172,54,1,Normal,BENIGN
2026-03-18 10:54:18.446922,35.237.69.59,10.52.235.172,250,1,Normal,BENIGN
2026-03-18 10:54:18.480271,10.52.235.172,35.237.69.59,54,1,Normal,BENIGN
2026-03-18 10:54:23.088651,10.52.235.172,35.237.69.59,148,1,Normal,BENIGN
2026-03-18 10:54:23.338543,35.237.69.59,10.52.235.172,176,1,Normal,BENIGN
2026-03-18 10:54:23.359702,10.52.235.172,35.237.69.59,143,1,Normal,BENIGN
2026-03-18 10:54:23.378409,10.52.235.172,35.237.69.59,830,1,Normal,BENIGN
2026-03-18 10:54:23.608153,35.237.69.59,10.52.235.172,54,1,Normal,BENIGN
2026-03-18 10:54:23.625884,35.237.69.59,10.52.235.172,247,1,Normal,BENIGN
2026-03-18 10:54:23.640773,10.52.235.172,35.237.69.59,89,1,Normal,BENIGN
2026-03-18 10:54:23.918135,35.237.69.59,10.52.235.172,54,1,Normal,BENIGN
2026-03-18 10:54:25.221744,10.52.235.172,10.52.235.201,92,2,Normal,BENIGN
2026-03-18 10:54:25.231914,10.52.235.172,10.52.235.201,92,2,Normal,BENIGN
2026-03-18 10:54:25.249299,10.52.235.172,10.52.235.201,92,2,Normal,BENIGN
2026-03-18 10:54:25.270617,10.52.235.201,10.52.235.172,256,2,Normal,BENIGN
2026-03-18 10:54:25.282801,10.52.235.201,10.52.235.172,227,2,Normal,BENIGN
2026-03-18 10:54:25.307927,10.52.235.201,10.52.235.172,215,2,Normal,BENIGN
2026-03-18 10:54:28.082748,10.52.235.172,35.237.69.59,143,1,Normal,BENIGN
2026-03-18 10:54:28.104456,10.52.235.172,35.237.69.59,830,1,Normal,BENIGN
2026-03-18 10:54:28.345179,35.237.69.59,10.52.235.172,54,1,Normal,BENIGN
2026-03-18 10:54:28.369323,35.237.69.59,10.52.235.172,54,1,Normal,BENIGN
2026-03-18 10:54:28.386125,35.237.69.59,10.52.235.172,246,1,Normal,BENIGN
2026-03-18 10:54:28.404129,10.52.235.172,35.237.69.59,54,1,Normal,BENIGN
2026-03-18 10:54:33.089353,10.52.235.172,35.237.69.59,148,1,Normal,BENIGN
2026-03-18 10:54:33.370449,35.237.69.59,10.52.235.172,175,1,Normal,BENIGN
2026-03-18 10:54:33.389210,10.52.235.172,35.237.69.59,143,1,Normal,BENIGN
2026-03-18 10:54:33.412106,10.52.235.172,35.237.69.59,830,1,Normal,BENIGN
2026-03-18 10:54:33.639072,35.237.69.59,10.52.235.172,54,1,Normal,BENIGN
2026-03-18 10:54:33.655371,35.237.69.59,10.52.235.172,248,1,Normal,BENIGN
2026-03-18 10:54:33.671757,10.52.235.172,35.237.69.59,89,1,Normal,BENIGN
2026-03-18 10:54:33.940802,35.237.69.59,10.52.235.172,54,1,Normal,BENIGN
2026-03-18 10:54:38.086750,10.52.235.172,35.237.69.59,143,1,Normal,BENIGN
2026-03-18 10:54:38.116403,10.52.235.172,35.237.69.59,830,1,Normal,BENIGN
2026-03-18 10:54:38.352704,35.237.69.59,10.52.235.172,54,1,Normal,BENIGN
2026-03-18 10:54:38.372595,35.237.69.59,10.52.235.172,54,1,Normal,BENIGN
2026-03-18 10:54:38.399379,35.237.69.59,10.52.235.172,250,1,Normal,BENIGN
2026-03-18 10:54:38.418065,10.52.235.172,35.237.69.59,54,1,Normal,BENIGN
2026-03-18 10:54:41.991229,10.52.235.172,4.213.25.240,55,1,Normal,BENIGN
2026-03-18 10:54:42.044888,4.213.25.240,10.52.235.172,66,1,Normal,BENIGN
2026-03-18 10:54:43.102989,10.52.235.172,35.237.69.59,148,1,Normal,BENIGN
2026-03-18 10:54:43.367024,35.237.69.59,10.52.235.172,176,1,Normal,BENIGN
2026-03-18 10:54:43.384135,10.52.235.172,35.237.69.59,143,1,Normal,BENIGN
2026-03-18 10:54:43.402140,10.52.235.172,35.237.69.59,830,1,Normal,BENIGN
2026-03-18 10:54:43.623944,35.237.69.59,10.52.235.172,54,1,Normal,BENIGN
2026-03-18 10:54:43.644059,35.237.69.59,10.52.235.172,248,1,Normal,BENIGN
2026-03-18 10:54:43.665655,10.52.235.172,35.237.69.59,89,1,Normal,BENIGN
2026-03-18 10:54:43.937673,35.237.69.59,10.52.235.172,54,1,Normal,BENIGN
2026-03-18 10:54:49.716210,10.52.235.172,10.52.235.201,70,2,Normal,BENIGN
2026-03-18 10:54:49.740934,10.52.235.201,10.52.235.172,86,2,Normal,BENIGN
2026-03-18 10:54:58.073171,10.52.235.172,35.237.69.59,148,1,Normal,BENIGN
2026-03-18 10:54:58.093350,10.52.235.172,35.237.69.59,93,1,Normal,BENIGN
2026-03-18 10:54:58.345805,35.237.69.59,10.52.235.172,54,1,Normal,BENIGN
2026-03-18 10:54:58.369404,35.237.69.59,10.52.235.172,179,1,Normal,BENIGN
2026-03-18 10:54:58.391932,35.237.69.59,10.52.235.172,93,1,Normal,BENIGN
2026-03-18 10:54:58.410676,10.52.235.172,35.237.69.59,54,1,Normal,BENIGN
2026-03-18 10:54:58.424756,10.52.235.172,35.237.69.59,143,1,Normal,BENIGN
2026-03-18 10:54:58.444098,10.52.235.172,35.237.69.59,830,1,Normal,BENIGN
2026-03-18 10:54:58.616143,35.237.69.59,10.52.235.172,54,1,Normal,BENIGN
2026-03-18 10:54:58.630419,35.237.69.59,10.52.235.172,247,1,Normal,BENIGN
2026-03-18 10:54:58.649947,10.52.235.172,35.237.69.59,89,1,Normal,BENIGN
2026-03-18 10:54:58.929606,35.237.69.59,10.52.235.172,54,1,Normal,BENIGN
2026-03-18 10:55:10.922091,10.52.235.172,35.237.69.59,148,1,Normal,BENIGN
2026-03-18 10:55:10.930668,10.52.235.172,35.237.69.59,93,1,Normal,BENIGN
2026-03-18 10:55:11.186014,35.237.69.59,10.52.235.172,54,1,Normal,BENIGN
2026-03-18 10:55:11.194836,35.237.69.59,10.52.235.172,176,1,Normal,BENIGN
2026-03-18 10:55:11.203526,10.52.235.172,35.237.69.59,147,1,Normal,BENIGN
2026-03-18 10:55:11.212575,10.52.235.172,35.237.69.59,5573,1,Suspicious,BENIGN
2026-03-18 10:55:11.221402,35.237.69.59,10.52.235.172,93,1,Normal,BENIGN
2026-03-18 10:55:11.241172,10.52.235.172,35.237.69.59,54,1,Normal,BENIGN
2026-03-18 10:55:11.472991,35.237.69.59,10.52.235.172,54,1,Normal,BENIGN
2026-03-18 10:55:11.481748,35.237.69.59,10.52.235.172,54,1,Normal,BENIGN
2026-03-18 10:55:11.490526,35.237.69.59,10.52.235.172,54,1,Normal,BENIGN
2026-03-18 10:55:11.499039,35.237.69.59,10.52.235.172,401,1,Normal,BENIGN
2026-03-18 10:55:11.508620,10.52.235.172,35.237.69.59,89,1,Normal,BENIGN
2026-03-18 10:55:11.786234,35.237.69.59,10.52.235.172,54,1,Normal,BENIGN
